GYEAR,PCODE,GAMENUM,PA,AB,BA,HIT,HR,TOTB,SLG,SF,BB,KK,IB,HP,GD,NAME,AGE_VA,OBP,OPS,BARREL,BARREL%
2018,60100,70,169,152,0.243,37,3,63,0.414,1,12,36,0,4,5,백창수,30,0.313609467,0.727609467,6.0,0.03947
2018,60343,83,174,162,0.216,35,8,63,0.389,0,8,49,0,3,3,이해창,31,0.265895954,0.654895954,2.0,0.01235
2018,60523,91,194,174,0.305,53,7,86,0.494,3,16,39,1,1,4,정훈,30,0.360824742,0.854824742,8.0,0.04598
2018,60558,128,374,342,0.254,87,12,144,0.421,1,24,92,0,4,7,오태곤,26,0.309973046,0.730973046,8.0,0.02339
2018,60566,114,204,187,0.251,47,0,49,0.262,0,8,15,0,2,8,이상호,29,0.289340102,0.551340102,,
2018,60605,56,87,76,0.263,20,1,29,0.382,0,8,12,0,0,2,홍재호,31,0.333333333,0.715333333,1.0,0.01316
2018,61102,132,465,425,0.296,126,19,216,0.508,1,28,80,1,9,21,유강남,25,0.352051836,0.860051836,19.0,0.04471
2018,61114,25,41,36,0.222,8,0,11,0.306,0,3,9,0,2,1,김재율,29,0.317073171,0.623073171,2.0,0.05556
2018,61186,112,405,359,0.34,122,2,156,0.435,2,39,48,2,3,11,이천웅,29,0.406947891,0.841947891,4.0,0.01114
2018,61197,61,140,126,0.294,37,4,56,0.444,2,10,30,0,0,6,최영진,30,0.34057971,0.78457971,2.0,0.01587
2018,61204,55,96,83,0.193,16,2,23,0.277,2,9,18,0,0,1,김동한,30,0.265957447,0.542957447,,
2018,61208,111,299,269,0.301,81,2,101,0.375,1,19,44,0,1,8,정진호,29,0.348275862,0.723275862,1.0,0.00372
2018,61353,102,351,330,0.279,92,6,132,0.4,4,15,96,1,1,2,고종욱,29,0.308571429,0.708571429,6.0,0.01818
2018,61404,141,586,513,0.3,154,11,217,0.423,4,54,70,1,10,13,김헌곤,29,0.375215146,0.798215146,3.0,0.00585
2018,61554,59,108,97,0.216,21,3,34,0.351,1,5,30,0,3,6,김민하,29,0.273584906,0.624584906,2.0,0.02062
2018,61591,56,79,74,0.23,17,0,20,0.27,0,1,22,0,1,0,김사훈,31,0.25,0.52,,
2018,61652,22,43,40,0.25,10,1,15,0.375,0,2,7,0,1,4,윤정우,30,0.302325581,0.677325581,,
2018,61700,77,289,245,0.278,68,5,96,0.392,1,38,59,0,4,7,강경학,25,0.381944444,0.773944444,5.0,0.02041
2018,61743,30,50,44,0.136,6,0,6,0.136,1,3,11,0,1,1,오준혁,26,0.204081633,0.340081633,0.0,0.0
2018,61869,96,212,201,0.244,49,3,68,0.338,0,6,45,0,2,2,정진기,25,0.272727273,0.610727273,5.0,0.02488
2018,62016,14,37,33,0.182,6,0,7,0.212,0,2,10,0,1,0,윤병호,29,0.25,0.462,,
2018,62025,77,150,138,0.304,42,5,67,0.486,2,10,33,0,0,3,이원재,29,0.346666667,0.832666667,2.0,0.01449
2018,62164,51,84,69,0.29,20,2,26,0.377,2,12,18,0,1,1,서상우,28,0.392857143,0.769857143,2.0,0.02899
2018,62234,128,280,228,0.268,61,1,71,0.311,2,29,43,0,10,3,류지혁,24,0.371747212,0.682747212,4.0,0.01754
2018,62244,89,194,170,0.282,48,3,69,0.406,1,16,55,0,4,0,박세혁,28,0.356020942,0.762020942,5.0,0.02941
2018,62265,31,58,48,0.271,13,3,26,0.542,2,8,14,0,0,3,유민상,29,0.362068966,0.904068966,3.0,0.0625
2018,62332,116,234,202,0.228,46,3,62,0.307,3,12,58,0,8,2,김재현,25,0.293333333,0.600333333,3.0,0.01485
2018,62353,16,17,16,0.063,1,1,4,0.25,0,0,4,0,1,0,박정음,29,0.117647059,0.367647059,1.0,0.0625
2018,62356,104,336,298,0.295,88,3,110,0.369,4,27,89,0,6,3,김규민,25,0.36119403,0.73019403,2.0,0.00671
2018,62404,116,529,478,0.333,159,20,255,0.533,2,43,110,2,5,4,구자욱,25,0.392045455,0.925045455,10.0,0.02092
2018,62409,54,82,73,0.233,17,0,23,0.315,0,8,28,0,0,0,박찬도,29,0.308641975,0.623641975,0.0,0.0
2018,62415,144,649,576,0.299,172,9,249,0.432,6,56,99,0,3,9,박해민,28,0.360374415,0.792374415,9.0,0.01562
2018,62537,44,79,73,0.192,14,1,23,0.315,0,5,21,0,0,1,윤수강,28,0.243589744,0.558589744,1.0,0.0137
2018,62556,139,479,425,0.294,125,11,188,0.442,5,33,95,2,11,12,신본기,29,0.356540084,0.798540084,6.0,0.01412
2018,62700,141,517,484,0.254,123,9,176,0.364,0,28,130,0,4,7,하주석,24,0.300387597,0.664387597,7.0,0.01446
2018,62797,73,236,209,0.254,53,2,68,0.325,1,22,32,2,4,8,양성우,29,0.334745763,0.659745763,2.0,0.00957
2018,62802,51,79,65,0.308,20,0,23,0.354,0,10,16,0,2,1,박승욱,25,0.415584416,0.769584416,0.0,0.0
2018,62864,125,365,310,0.245,76,6,109,0.352,2,39,63,0,3,8,김민식,29,0.333333333,0.685333333,2.0,0.00645
2018,62884,98,257,222,0.293,65,7,100,0.45,0,25,57,0,8,1,최항,24,0.384313725,0.834313725,5.0,0.02252
2018,62893,57,95,83,0.253,21,2,29,0.349,0,7,20,0,1,2,최정민,29,0.318681319,0.667681319,,
2018,62895,136,562,486,0.284,138,41,292,0.601,8,52,124,3,16,10,한동민,28,0.366548043,0.967548043,31.0,0.06379
2018,62907,115,460,411,0.324,133,5,180,0.438,4,32,51,3,10,4,박민우,25,0.382932166,0.820932166,2.0,0.00487
2018,62908,82,62,57,0.158,9,0,10,0.175,0,0,6,0,3,2,황윤호,24,0.2,0.375,0.0,0.0
2018,62921,10,23,22,0.273,6,1,11,0.5,0,1,5,0,0,1,박헌욱,25,0.304347826,0.804347826,1.0,0.04545
2018,62925,45,75,68,0.235,16,0,19,0.279,1,4,17,0,0,3,강진성,24,0.273972603,0.552972603,0.0,0.0
2018,62931,125,458,420,0.283,119,11,181,0.431,2,33,92,0,2,8,노진혁,28,0.336980306,0.767980306,6.0,0.01429
2018,62934,111,358,323,0.26,84,13,140,0.433,3,29,64,0,1,10,김성욱,25,0.320224719,0.753224719,7.0,0.02167
2018,62947,144,620,556,0.318,177,23,288,0.518,5,44,131,4,15,11,나성범,28,0.380645161,0.898645161,20.0,0.03597
2018,63088,19,23,21,0.143,3,0,4,0.19,0,2,3,0,0,0,김진곤,30,0.217391304,0.407391304,,
2018,63123,69,212,184,0.255,47,3,66,0.359,1,18,57,0,3,2,강승호,24,0.330097087,0.689097087,4.0,0.02174
2018,63257,46,109,95,0.263,25,1,35,0.368,1,12,26,0,0,0,김인태,24,0.342592593,0.710592593,2.0,0.02105
2018,63260,71,199,177,0.226,40,4,61,0.345,1,16,57,0,4,6,이우성,23,0.303030303,0.648030303,4.0,0.0226
2018,63450,65,132,117,0.265,31,2,44,0.376,0,9,28,0,0,3,정현,24,0.317460317,0.693460317,2.0,0.01709
2018,63559,23,34,27,0.222,6,1,11,0.407,1,5,11,0,1,1,백민기,27,0.352941176,0.759941176,1.0,0.03704
2018,63593,39,71,62,0.226,14,0,15,0.242,0,6,13,0,2,2,조홍석,28,0.314285714,0.556285714,,
2018,63704,135,588,515,0.313,161,8,222,0.431,3,48,86,0,13,3,노수광,27,0.383419689,0.814419689,2.0,0.00388
2018,63722,61,101,89,0.247,22,3,37,0.416,0,7,24,0,2,4,한승택,24,0.316326531,0.732326531,2.0,0.02247
2018,63905,11,23,23,0.217,5,0,6,0.261,0,0,9,0,0,0,윤대영,24,0.217391304,0.478391304,1.0,0.04348
2018,63963,104,391,343,0.283,97,8,142,0.414,4,35,58,2,4,5,권희동,27,0.352331606,0.766331606,6.0,0.01749
2018,64006,135,403,367,0.259,95,4,136,0.371,1,20,58,1,4,4,심우준,23,0.303571429,0.674571429,2.0,0.00545
2018,64012,47,29,27,0.148,4,0,4,0.148,0,1,8,0,0,1,송민섭,26,0.178571429,0.326571429,,
2018,64022,60,176,154,0.247,38,4,61,0.396,0,12,56,0,3,4,안중열,22,0.313609467,0.709609467,5.0,0.03247
2018,64086,16,27,24,0.167,4,1,7,0.292,1,2,9,0,0,1,신성현,27,0.222222222,0.514222222,2.0,0.08333
2018,64153,140,519,483,0.263,127,22,220,0.455,5,24,81,0,6,9,양석환,26,0.303088803,0.758088803,21.0,0.04348
2018,64266,9,19,16,0.188,3,0,3,0.188,0,3,7,0,0,1,이성곤,26,0.315789474,0.503789474,0.0,0.0
2018,64300,129,576,511,0.288,147,20,242,0.474,5,54,81,2,5,16,김하성,22,0.35826087,0.83226087,11.0,0.02153
2018,64346,134,447,423,0.293,124,13,198,0.468,2,22,119,1,0,6,임병욱,22,0.326621924,0.794621924,11.0,0.026
2018,64410,14,32,31,0.258,8,0,10,0.323,0,1,9,0,0,1,백승민,28,0.28125,0.60425,,
2018,64560,20,30,29,0.172,5,0,6,0.207,0,0,3,0,1,2,이창진,27,0.2,0.407,0.0,0.0
2018,64610,83,209,193,0.259,50,0,59,0.306,0,12,34,0,1,1,강한울,26,0.305825243,0.611825243,0.0,0.0
2018,64657,85,150,123,0.228,28,5,50,0.407,0,13,37,0,9,1,박준태,26,0.344827586,0.751827586,3.0,0.02439
2018,64717,99,224,207,0.275,57,7,85,0.411,1,12,55,0,2,6,지성준,24,0.31981982,0.73081982,7.0,0.03382
2018,64944,27,30,25,0.16,4,0,4,0.16,0,4,9,0,0,0,박광열,22,0.275862069,0.435862069,,
2018,64984,20,35,31,0.355,11,1,14,0.452,0,3,5,0,0,0,김태진,22,0.411764706,0.863764706,0.0,0.0
2018,65115,62,135,123,0.22,27,0,31,0.252,1,8,12,0,1,4,안익훈,22,0.270676692,0.522676692,,
2018,65136,26,53,47,0.17,8,1,13,0.277,1,3,17,0,0,2,박지규,26,0.215686275,0.492686275,1.0,0.02128
2018,65269,22,58,53,0.226,12,2,20,0.377,0,5,19,0,0,3,김민혁,22,0.293103448,0.670103448,,
2018,65357,78,238,211,0.313,66,7,106,0.502,1,24,49,0,0,2,송성문,21,0.381355932,0.883355932,5.0,0.0237
2018,65399,25,24,24,0.25,6,0,8,0.333,0,0,7,0,0,1,허정협,28,0.25,0.583,0.0,0.0
2018,65586,27,77,66,0.364,24,3,40,0.606,1,9,24,0,1,1,전병우,25,0.441558442,1.047558442,3.0,0.04545
2018,66108,12,25,18,0.167,3,0,5,0.278,0,7,8,0,0,0,홍창기,24,0.4,0.678,0.0,0.0
2018,66209,119,198,183,0.279,51,1,68,0.372,1,9,33,0,0,4,조수행,24,0.310880829,0.682880829,,
2018,66354,80,126,110,0.218,24,1,30,0.273,0,10,36,0,2,2,주효상,20,0.295081967,0.568081967,1.0,0.00909
2018,66462,110,212,185,0.243,45,0,60,0.324,2,16,23,0,6,2,김성훈,24,0.320574163,0.644574163,,
2018,66508,87,71,57,0.263,15,0,17,0.298,0,10,21,0,3,0,나경민,26,0.4,0.698,,
2018,66606,101,331,302,0.272,82,4,110,0.364,1,20,58,0,4,4,최원준,21,0.324159021,0.688159021,5.0,0.01656
2018,66615,35,85,75,0.307,23,1,31,0.413,1,7,12,0,1,2,류승현,21,0.369047619,0.782047619,2.0,0.02667
2018,66662,19,26,25,0.16,4,0,8,0.32,1,0,7,0,0,1,신범수,20,0.153846154,0.473846154,,
2018,66702,28,50,46,0.239,11,1,15,0.326,0,3,8,0,1,1,이동훈,21,0.3,0.626,,
2018,66704,24,30,26,0.192,5,0,6,0.231,0,3,8,0,0,0,김태연,21,0.275862069,0.506862069,,
2018,66706,50,48,42,0.214,9,0,15,0.357,0,4,11,0,2,0,장진혁,24,0.3125,0.6695,1.0,0.02381
2018,66838,124,446,421,0.252,106,27,202,0.48,3,17,108,0,4,13,김동엽,27,0.285393258,0.765393258,22.0,0.05226
2018,66917,63,160,142,0.232,33,1,41,0.289,1,8,28,0,8,1,김찬형,20,0.308176101,0.597176101,1.0,0.00704
2018,66965,26,42,35,0.229,8,1,11,0.314,0,5,5,0,2,0,도태훈,25,0.357142857,0.671142857,0.0,0.0
2018,66968,33,45,41,0.171,7,0,10,0.244,0,2,10,0,2,0,이재율,25,0.244444444,0.488444444,,
2018,67025,144,645,564,0.305,172,43,333,0.59,2,71,142,4,7,10,로하스,28,0.388198758,0.978198758,37.0,0.0656
2018,67207,28,24,22,0.273,6,0,7,0.318,0,1,6,0,1,1,이병휘,19,0.333333333,0.651333333,,
2018,67304,136,473,430,0.27,116,5,158,0.367,2,33,119,1,5,6,김혜성,19,0.327659574,0.694659574,2.0,0.00465
2018,67341,109,520,459,0.355,163,6,219,0.477,8,42,58,3,8,5,이정후,19,0.411992263,0.888992263,6.0,0.01307
2018,67394,96,397,349,0.258,90,17,160,0.458,5,33,79,2,10,4,초이스,28,0.335012594,0.793012594,15.0,0.04298
2018,67450,137,597,506,0.33,167,33,306,0.605,8,65,107,0,18,17,러프,31,0.418760469,1.023760469,22.0,0.04348
2018,67454,20,24,24,0.125,3,0,3,0.125,0,0,10,0,0,0,나원탁,23,0.125,0.25,,
2018,67539,106,203,177,0.124,22,2,31,0.175,0,12,85,0,5,2,나종덕,20,0.201030928,0.376030928,2.0,0.0113
2018,67598,133,505,462,0.268,124,23,237,0.513,0,33,133,2,9,8,번즈,27,0.329365079,0.842365079,15.0,0.03247
2018,67650,131,590,513,0.31,159,20,250,0.487,1,63,103,3,10,9,버나디나,34,0.395229983,0.882229983,24.0,0.04678
2018,67872,141,616,528,0.316,167,43,315,0.597,6,72,123,0,10,7,로맥,32,0.404220779,1.001220779,23.0,0.04356
2018,67893,42,59,52,0.135,7,0,8,0.154,0,7,16,0,0,0,박성한,20,0.237288136,0.391288136,1.0,0.01923
2018,67935,142,571,501,0.257,129,26,242,0.483,3,55,144,2,12,14,스크럭스,30,0.343257443,0.826257443,23.0,0.04591
2018,67944,20,25,22,0.182,4,0,4,0.182,0,3,10,0,0,1,신진호,26,0.28,0.462,,
2018,68050,138,585,527,0.29,153,29,276,0.524,3,52,124,0,3,4,강백호,18,0.355555556,0.879555556,24.0,0.04554
2018,68103,50,206,183,0.339,62,8,95,0.519,6,9,25,0,8,3,가르시아,33,0.383495146,0.902495146,6.0,0.03279
2018,68244,21,71,65,0.138,9,1,16,0.246,1,4,17,1,1,0,파레디스,29,0.197183099,0.443183099,2.0,0.03077
2018,68245,12,44,39,0.128,5,1,9,0.231,1,4,6,0,0,2,반슬라이크,31,0.204545455,0.435545455,1.0,0.02564
2018,68345,25,93,86,0.314,27,12,66,0.767,1,6,27,0,0,2,샌즈,30,0.35483871,1.12183871,13.0,0.15116
2018,68525,87,226,211,0.232,49,4,76,0.36,1,12,58,0,2,7,한동희,19,0.278761062,0.638761062,6.0,0.02844
2018,68730,142,590,529,0.306,162,30,303,0.573,5,51,93,10,5,5,호잉,29,0.369491525,0.942491525,23.0,0.04348
2018,68743,98,227,201,0.249,50,4,73,0.363,1,22,50,0,1,0,정은원,18,0.324444444,0.687444444,3.0,0.01493
2018,68912,60,89,81,0.16,13,0,14,0.173,0,7,32,0,1,3,김형준,18,0.235955056,0.408955056,0.0,0.0
2018,70410,121,471,429,0.34,146,18,223,0.52,10,23,57,5,7,15,김주찬,37,0.375266525,0.895266525,21.0,0.04895
2018,70553,98,196,173,0.214,37,1,46,0.266,3,13,50,0,2,8,박기혁,37,0.272251309,0.538251309,2.0,0.01156
2018,70756,101,380,332,0.28,93,20,160,0.482,2,42,59,4,4,12,이범호,36,0.365789474,0.847789474,18.0,0.05422
2018,71184,88,134,120,0.242,29,0,34,0.283,1,8,16,0,1,4,이성우,36,0.292307692,0.575307692,1.0,0.00833
2018,71432,114,392,342,0.284,97,10,143,0.418,1,43,91,2,0,9,박한이,39,0.362694301,0.780694301,12.0,0.03509
2018,71552,93,179,153,0.255,39,4,54,0.353,2,24,41,0,0,6,최준석,35,0.351955307,0.704955307,2.0,0.01307
2018,71564,144,604,543,0.333,181,37,322,0.593,4,43,75,7,14,18,이대호,36,0.394039735,0.987039735,26.0,0.04788
2018,71752,73,271,254,0.315,80,10,121,0.476,0,13,56,1,4,7,김태균,36,0.357933579,0.833933579,8.0,0.0315
2018,71837,80,267,235,0.298,70,14,126,0.536,0,22,57,0,5,1,김강민,35,0.370229008,0.906229008,10.0,0.04255
2018,71842,70,128,112,0.223,25,1,32,0.286,0,8,35,0,5,3,정상호,35,0.304,0.59,3.0,0.02679
2018,72133,134,583,524,0.303,159,15,244,0.466,7,47,107,0,5,21,박용택,39,0.361921098,0.827921098,22.0,0.04198
2018,72443,143,609,528,0.339,179,25,290,0.549,8,66,87,7,7,17,최형우,34,0.413793103,0.962793103,22.0,0.04167
2018,72456,98,297,265,0.238,63,4,85,0.321,4,11,40,0,7,11,손주인,34,0.282229965,0.603229965,1.0,0.00377
2018,72466,28,59,54,0.222,12,1,16,0.296,0,4,14,0,0,2,조동찬,34,0.275862069,0.571862069,,
2018,72546,122,349,316,0.275,87,6,126,0.399,6,18,45,0,0,9,문규현,35,0.308823529,0.707823529,6.0,0.01899
2018,73113,135,528,458,0.262,120,25,216,0.472,3,58,129,2,9,16,박경수,34,0.354166667,0.826166667,23.0,0.05022
2018,73136,131,528,485,0.295,143,34,268,0.553,2,35,143,3,5,9,이성열,33,0.347248577,0.900248577,29.0,0.05979
2018,73209,119,420,362,0.262,95,12,155,0.428,2,38,66,0,5,2,나주환,34,0.339066339,0.767066339,10.0,0.02762
2018,73213,67,150,128,0.188,24,2,34,0.266,1,15,20,0,5,3,손시헌,37,0.295302013,0.561302013,,
2018,73306,67,105,94,0.181,17,1,22,0.234,3,8,20,0,0,2,지석훈,34,0.238095238,0.472095238,0.0,0.0
2018,73339,43,128,122,0.23,28,1,38,0.311,1,4,16,0,0,2,이종욱,38,0.251968504,0.562968504,,
2018,73342,104,356,308,0.308,95,4,134,0.435,4,32,44,0,9,14,이택근,38,0.385269122,0.820269122,7.0,0.02273
2018,73606,32,56,49,0.204,10,0,13,0.265,1,5,15,0,1,1,서동욱,34,0.285714286,0.550714286,,
2018,74163,134,575,491,0.293,144,1,163,0.332,5,59,62,0,12,8,이용규,32,0.379188713,0.711188713,,
2018,74206,131,467,402,0.311,125,16,193,0.48,6,52,77,1,4,12,김재호,33,0.390086207,0.870086207,15.0,0.03731
2018,74215,132,509,460,0.276,127,19,206,0.448,3,40,69,2,4,17,윤석민,32,0.337278107,0.785278107,11.0,0.02391
2018,74339,121,480,428,0.339,145,20,228,0.533,1,47,53,3,2,9,유한준,37,0.405857741,0.938857741,14.0,0.03271
2018,74465,103,375,318,0.255,81,16,145,0.456,3,39,80,4,15,11,박석민,33,0.36,0.816,19.0,0.05975
2018,74540,129,477,427,0.269,115,22,195,0.457,7,29,96,5,14,11,강민호,32,0.331236897,0.788236897,14.0,0.03279
2018,74729,57,154,136,0.213,29,7,53,0.39,0,15,53,0,3,5,최진행,32,0.305194805,0.695194805,5.0,0.03676
2018,74823,54,88,83,0.229,19,2,28,0.337,0,3,15,0,0,3,임훈,32,0.255813953,0.592813953,4.0,0.04819
2018,74846,14,31,29,0.172,5,2,11,0.379,0,2,9,0,0,0,박정권,36,0.225806452,0.604806452,0.0,0.0
2018,75125,113,488,400,0.345,138,43,287,0.718,3,68,114,10,17,9,박병호,32,0.456967213,1.174967213,40.0,0.1
2018,75151,73,239,217,0.272,59,11,101,0.465,1,19,29,1,2,8,정의윤,31,0.334728033,0.799728033,11.0,0.05069
2018,75334,123,477,401,0.279,112,27,216,0.539,10,60,121,2,6,3,오재일,31,0.373165618,0.912165618,24.0,0.05985
2018,75566,128,543,479,0.301,144,20,236,0.493,5,52,103,1,7,10,이원석,31,0.373848987,0.866848987,17.0,0.03549
2018,75808,102,425,375,0.304,114,11,173,0.461,3,39,43,1,7,12,정근우,35,0.377358491,0.838358491,3.0,0.008
2018,75847,115,489,406,0.244,99,35,222,0.547,2,58,129,2,23,10,최정,31,0.36809816,0.91509816,23.0,0.05665
2018,76100,103,257,198,0.273,54,10,97,0.49,2,50,58,1,7,5,이병규,34,0.431906615,0.921906615,8.0,0.0404
2018,76158,27,79,72,0.25,18,4,33,0.458,0,6,25,0,1,3,최승준,30,0.316455696,0.774455696,3.0,0.04167
2018,76232,133,503,439,0.358,157,23,257,0.585,6,45,40,6,13,13,양의지,31,0.427435388,1.012435388,27.0,0.0615
2018,76249,118,494,443,0.318,141,17,213,0.481,6,35,68,3,8,10,민병헌,31,0.37398374,0.85498374,14.0,0.0316
2018,76267,138,590,519,0.333,173,26,302,0.582,10,51,89,1,10,5,최주환,30,0.396610169,0.978610169,25.0,0.04817
2018,76290,117,511,453,0.362,164,20,267,0.589,10,47,61,6,1,9,김현수,30,0.414872798,1.003872798,24.0,0.05298
2018,76313,142,588,530,0.296,157,25,279,0.526,3,49,120,1,4,5,황재균,30,0.358361775,0.884361775,20.0,0.03774
2018,76368,46,40,33,0.424,14,1,22,0.667,0,7,10,0,0,0,유재신,30,0.525,1.192,1.0,0.0303
2018,76509,46,115,100,0.25,25,2,38,0.38,0,13,27,1,0,2,김문호,31,0.336283186,0.716283186,0.0,0.0
2018,76720,103,219,190,0.179,34,4,55,0.289,3,15,62,0,4,4,정범모,31,0.25,0.539,3.0,0.01579
2018,76746,29,74,66,0.197,13,1,18,0.273,1,5,25,1,2,4,김태완,34,0.27027027,0.54327027,1.0,0.01515
2018,76753,113,460,434,0.297,129,18,207,0.477,4,18,93,0,4,13,송광민,35,0.32826087,0.80526087,13.0,0.02995
2018,76802,135,462,415,0.277,115,4,148,0.357,3,29,42,0,9,19,김성현,31,0.335526316,0.692526316,0.0,0.0
2018,76812,130,471,407,0.329,134,17,209,0.514,5,43,65,0,12,13,이재원,30,0.404710921,0.918710921,14.0,0.0344
2018,76849,120,502,447,0.302,135,4,187,0.418,1,40,64,3,3,5,이명기,30,0.362525458,0.780525458,4.0,0.00895
2018,76869,53,77,65,0.277,18,1,24,0.369,0,9,17,0,3,0,김재현,30,0.38961039,0.75861039,1.0,0.01538
2018,77243,23,24,22,0.273,6,1,9,0.409,0,1,8,0,1,1,허도환,33,0.333333333,0.742333333,1.0,0.04545
2018,77248,132,521,473,0.313,148,15,219,0.463,2,41,119,0,2,13,오재원,33,0.368725869,0.831725869,15.0,0.03171
2018,77463,130,420,376,0.293,110,15,173,0.46,4,34,107,3,5,10,채태인,35,0.355608592,0.815608592,12.0,0.03191
2018,77532,141,625,553,0.329,182,26,302,0.546,1,68,99,1,2,15,손아섭,30,0.403846154,0.949846154,21.0,0.03797
2018,77564,128,465,413,0.283,117,10,171,0.414,5,40,80,3,6,6,김민성,29,0.351293103,0.765293103,10.0,0.02421
2018,78135,118,485,437,0.316,138,13,204,0.467,0,31,82,0,12,6,이형종,29,0.377083333,0.844083333,14.0,0.03204
2018,78168,37,160,141,0.34,48,0,60,0.426,2,12,19,0,3,1,서건창,28,0.398734177,0.824734177,0.0,0.0
2018,78217,114,185,159,0.233,37,0,39,0.245,3,16,32,1,0,1,김용의,32,0.297752809,0.542752809,1.0,0.00629
2018,78224,139,602,527,0.334,176,44,346,0.657,7,59,134,4,9,6,김재환,29,0.405315615,1.062315615,44.0,0.08349
2018,78288,128,341,298,0.262,78,1,98,0.329,2,20,61,0,15,8,최재훈,28,0.337313433,0.666313433,5.0,0.01678
2018,78361,21,35,29,0.172,5,0,8,0.276,0,5,11,0,0,0,전민수,29,0.294117647,0.570117647,0.0,0.0
2018,78467,14,16,16,0.125,2,0,2,0.125,0,0,4,0,0,0,이영욱,32,0.125,0.25,,
2018,78513,144,614,556,0.342,190,33,329,0.592,2,48,82,1,7,12,전준우,32,0.399673736,0.991673736,21.0,0.03777
2018,78517,15,26,22,0.136,3,1,7,0.318,0,0,14,0,0,0,하준호,29,0.136363636,0.454363636,1.0,0.04545
2018,78548,127,393,356,0.258,92,13,144,0.404,2,32,82,0,2,8,장성우,28,0.321428571,0.725428571,9.0,0.02528
2018,78566,18,26,24,0.167,4,1,8,0.333,0,2,5,0,0,0,황진수,29,0.230769231,0.563769231,,
2018,78603,127,492,424,0.295,125,4,158,0.373,5,48,42,1,9,10,김선빈,28,0.374485597,0.747485597,3.0,0.00708
2018,78629,114,379,317,0.271,86,26,182,0.574,5,38,81,2,19,14,나지완,33,0.377308707,0.951308707,18.0,0.05678
2018,78643,34,57,47,0.277,13,0,14,0.298,0,9,15,0,0,3,백용환,29,0.392857143,0.690857143,0.0,0.0
2018,78753,38,48,45,0.2,9,1,16,0.356,0,3,13,0,0,2,김지열,29,0.25,0.606,1.0,0.02222
2018,78756,56,148,133,0.226,30,1,37,0.278,0,7,33,0,5,2,오선진,29,0.289655172,0.567655172,0.0,0.0
2018,78813,81,314,287,0.279,80,17,143,0.498,4,21,51,0,2,10,모창민,33,0.328025478,0.826025478,12.0,0.04181
2018,79109,144,617,533,0.278,148,11,211,0.396,6,59,146,3,7,6,오지환,28,0.353719008,0.749719008,14.0,0.02627
2018,79150,115,339,303,0.261,79,6,115,0.38,1,27,68,0,2,9,정주현,27,0.324324324,0.704324324,5.0,0.0165
2018,79192,139,578,529,0.331,175,25,290,0.548,5,35,97,1,9,12,채은성,28,0.378892734,0.926892734,26.0,0.04915
2018,79198,102,61,53,0.208,11,0,14,0.264,0,2,14,0,2,2,윤진호,32,0.263157895,0.527157895,0.0,0.0
2018,79215,125,529,488,0.326,159,12,231,0.473,2,28,65,1,10,14,박건우,27,0.373106061,0.846106061,16.0,0.03279
2018,79231,26,112,98,0.367,36,2,46,0.469,2,11,13,0,1,1,정수빈,27,0.428571429,0.897571429,1.0,0.0102
2018,79240,133,577,516,0.324,167,10,237,0.459,8,32,52,0,16,15,허경민,27,0.375874126,0.834874126,7.0,0.01357
2018,79290,14,28,24,0.333,8,0,11,0.458,0,3,5,0,1,1,국해성,28,0.428571429,0.886571429,0.0,0.0
2018,79300,47,39,34,0.147,5,0,5,0.147,0,5,15,0,0,2,김지수,31,0.256410256,0.403410256,,
2018,79334,93,221,196,0.224,44,7,80,0.408,0,23,61,0,2,2,장영석,28,0.312217195,0.720217195,3.0,0.01531
2018,79356,15,31,26,0.115,3,0,4,0.154,0,5,10,0,0,1,박헌도,31,0.258064516,0.412064516,2.0,0.07692
2018,79365,39,128,117,0.248,29,6,50,0.427,0,9,25,1,0,3,박동원,28,0.301587302,0.728587302,3.0,0.02564
2018,79402,122,499,453,0.263,119,10,164,0.362,3,27,91,0,8,11,김상수,28,0.313645621,0.675645621,4.0,0.00883
2018,79456,90,203,178,0.343,61,2,77,0.433,0,15,27,1,4,3,이지영,32,0.406091371,0.839091371,1.0,0.00562
2018,79465,69,168,147,0.245,36,0,42,0.286,0,16,35,2,3,2,배영섭,32,0.331325301,0.617325301,,
2018,79608,130,549,494,0.342,169,23,278,0.563,9,36,57,1,10,13,안치홍,28,0.391621129,0.954621129,14.0,0.02834
2018,79705,58,102,85,0.259,22,4,39,0.459,0,11,26,0,3,3,김회성,32,0.363636364,0.822636364,1.0,0.01176
2018,99606,88,205,183,0.295,54,4,77,0.421,1,16,49,1,5,5,정성훈,38,0.365853659,0.786853659,5.0,0.02732
2018,99810,110,312,283,0.318,90,3,118,0.417,3,25,35,1,0,3,이진영,38,0.36977492,0.78677492,3.0,0.0106
2019,60100,16,48,44,0.227,10,0,13,0.295,0,0,18,0,2,1,백창수,31,0.260869565,0.555869565,0.0,0.0
2019,60343,30,43,40,0.125,5,0,5,0.125,0,2,11,0,1,0,이해창,32,0.186046512,0.311046512,0.0,0.0
2019,60523,88,222,190,0.226,43,2,55,0.289,1,23,47,1,5,4,정훈,31,0.324200913,0.613200913,2.0,0.01053
2019,60558,123,392,352,0.25,88,6,124,0.352,2,31,78,0,4,8,오태곤,27,0.316195373,0.668195373,8.0,0.02273
2019,60566,102,256,234,0.278,65,0,72,0.308,3,9,22,0,2,10,이상호,30,0.306451613,0.614451613,,
2019,60605,10,20,19,0.211,4,0,4,0.211,0,1,5,0,0,1,홍재호,32,0.25,0.461,0.0,0.0
2019,60648,9,20,16,0.188,3,0,4,0.25,0,2,6,0,1,1,이인행,28,0.315789474,0.565789474,,
2019,61102,132,468,418,0.27,113,16,183,0.438,6,30,82,2,13,21,유강남,26,0.334047109,0.772047109,17.0,0.04067
2019,61104,20,31,27,0.185,5,0,6,0.222,0,2,4,0,2,2,정병곤,31,0.290322581,0.512322581,,
2019,61186,138,613,546,0.308,168,2,204,0.374,1,57,82,1,5,13,이천웅,30,0.377668309,0.751668309,4.0,0.00733
2019,61197,96,275,251,0.251,63,5,95,0.378,0,14,47,2,2,4,최영진,31,0.29588015,0.67388015,5.0,0.01992
2019,61204,42,85,78,0.282,22,0,26,0.333,0,6,15,0,0,1,김동한,31,0.333333333,0.666333333,,
2019,61208,66,110,96,0.208,20,1,23,0.24,0,11,24,0,0,2,정진호,30,0.289719626,0.529719626,0.0,0.0
2019,61353,137,513,492,0.323,159,3,207,0.421,2,18,89,1,1,5,고종욱,30,0.346978558,0.767978558,6.0,0.0122
2019,61404,114,467,411,0.297,122,5,159,0.387,6,37,41,1,8,18,김헌곤,30,0.361471861,0.748471861,3.0,0.0073
2019,61554,72,140,125,0.256,32,2,44,0.352,1,9,41,0,3,4,김민하,30,0.31884058,0.67084058,1.0,0.008
2019,61566,71,162,149,0.255,38,1,45,0.302,0,12,28,0,1,1,허일,26,0.314814815,0.616814815,0.0,0.0
2019,61700,52,135,113,0.239,27,0,31,0.274,1,15,32,0,3,3,강경학,26,0.340909091,0.614909091,0.0,0.0
2019,61869,13,17,16,0.188,3,0,3,0.188,0,1,2,0,0,0,정진기,26,0.235294118,0.423294118,0.0,0.0
2019,62025,94,285,256,0.258,66,8,101,0.395,3,20,47,0,1,5,이원재,30,0.310714286,0.705714286,7.0,0.02734
2019,62164,13,24,21,0.238,5,0,6,0.286,0,3,8,0,0,1,서상우,29,0.333333333,0.619333333,0.0,0.0
2019,62234,118,316,276,0.25,69,0,79,0.286,3,24,40,0,7,6,류지혁,25,0.322580645,0.608580645,1.0,0.00362
2019,62244,137,505,441,0.279,123,4,172,0.39,6,41,68,1,7,5,박세혁,29,0.345454545,0.735454545,5.0,0.01134
2019,62265,61,202,175,0.291,51,5,81,0.463,0,24,35,0,3,6,유민상,30,0.386138614,0.849138614,4.0,0.02286
2019,62353,60,88,71,0.197,14,0,18,0.254,0,11,31,0,5,1,박정음,30,0.344827586,0.598827586,0.0,0.0
2019,62356,94,250,222,0.248,55,3,74,0.333,2,22,68,0,4,4,김규민,26,0.324,0.657,5.0,0.02252
2019,62404,122,526,475,0.267,127,15,211,0.444,6,38,88,2,7,5,구자욱,26,0.326996198,0.770996198,12.0,0.02526
2019,62409,30,34,32,0.281,9,0,10,0.313,0,2,10,1,0,0,박찬도,30,0.323529412,0.636529412,0.0,0.0
2019,62415,144,581,506,0.239,121,5,166,0.328,3,58,82,0,2,4,박해민,29,0.318101933,0.646101933,4.0,0.00791
2019,62556,121,413,375,0.256,96,1,108,0.288,1,24,62,1,8,9,신본기,30,0.31372549,0.60172549,0.0,0.0
2019,62558,43,104,88,0.159,14,0,17,0.193,0,12,23,0,2,1,김준태,24,0.274509804,0.467509804,2.0,0.02273
2019,62700,5,20,19,0.263,5,0,7,0.368,0,0,4,0,0,1,하주석,25,0.263157895,0.631157895,0.0,0.0
2019,62797,56,129,119,0.168,20,1,26,0.218,0,9,28,0,0,2,양성우,30,0.2265625,0.4445625,0.0,0.0
2019,62802,101,245,223,0.233,52,3,72,0.323,0,14,50,0,2,5,박승욱,26,0.284518828,0.607518828,2.0,0.00897
2019,62864,53,116,96,0.167,16,0,18,0.188,2,15,29,0,3,1,김민식,30,0.293103448,0.481103448,0.0,0.0
2019,62884,52,147,127,0.228,29,0,34,0.268,1,16,24,0,2,3,최항,25,0.321917808,0.589917808,1.0,0.00787
2019,62895,125,502,427,0.265,113,12,169,0.396,0,55,100,4,20,6,한동민,29,0.374501992,0.770501992,12.0,0.0281
2019,62907,125,526,468,0.344,161,1,203,0.434,6,41,40,1,9,10,박민우,26,0.402671756,0.836671756,2.0,0.00427
2019,62908,57,130,123,0.301,37,1,49,0.398,1,5,12,0,0,2,황윤호,25,0.325581395,0.723581395,0.0,0.0
2019,62925,41,104,97,0.247,24,2,36,0.371,0,3,20,0,4,6,강진성,25,0.298076923,0.669076923,6.0,0.06186
2019,62931,110,390,348,0.264,92,13,158,0.454,3,31,80,2,2,7,노진혁,29,0.325520833,0.779520833,14.0,0.04023
2019,62934,116,333,287,0.23,66,9,111,0.387,5,29,69,1,3,4,김성욱,26,0.302469136,0.689469136,7.0,0.02439
2019,62947,23,106,93,0.366,34,4,60,0.645,0,12,26,0,1,2,나성범,29,0.443396226,1.088396226,5.0,0.05376
2019,63088,19,34,30,0.267,8,0,10,0.333,0,2,8,0,0,1,김진곤,31,0.3125,0.6455,,
2019,63123,15,42,39,0.154,6,2,12,0.308,0,2,18,0,0,1,강승호,25,0.195121951,0.503121951,3.0,0.07692
2019,63202,35,46,41,0.171,7,0,9,0.22,1,3,13,0,1,0,장승현,25,0.239130435,0.459130435,0.0,0.0
2019,63257,26,70,60,0.233,14,2,24,0.4,1,8,12,0,0,2,김인태,25,0.31884058,0.71884058,3.0,0.05
2019,63260,60,168,151,0.219,33,6,55,0.364,2,12,40,0,2,3,이우성,24,0.281437126,0.645437126,2.0,0.01325
2019,63440,27,44,42,0.31,13,0,17,0.405,0,2,12,0,0,1,이흥련,30,0.340909091,0.745909091,0.0,0.0
2019,63450,27,45,38,0.079,3,0,3,0.079,1,6,17,0,0,1,정현,25,0.2,0.279,0.0,0.0
2019,63559,41,52,47,0.17,8,0,10,0.213,0,4,16,0,1,0,백동훈,28,0.25,0.463,0.0,0.0
2019,63593,42,65,60,0.117,7,0,11,0.183,1,4,14,0,0,1,조홍석,29,0.169230769,0.352230769,,
2019,63636,22,32,31,0.226,7,0,9,0.29,0,0,8,0,1,1,고장혁,29,0.25,0.54,,
2019,63704,117,445,388,0.25,97,2,121,0.312,0,46,68,0,2,1,노수광,28,0.332568807,0.644568807,0.0,0.0
2019,63722,105,288,251,0.223,56,3,76,0.303,2,27,82,1,1,8,한승택,25,0.298932384,0.601932384,5.0,0.01992
2019,63920,8,19,16,0.25,4,0,4,0.25,1,2,2,0,0,0,김준완,28,0.315789474,0.565789474,0.0,0.0
2019,63963,116,413,348,0.256,89,6,124,0.356,3,50,60,1,7,10,권희동,28,0.357843137,0.713843137,3.0,0.00862
2019,64004,127,521,466,0.281,131,0,143,0.307,5,32,61,0,13,8,김민혁,23,0.341085271,0.648085271,4.0,0.00858
2019,64006,138,433,391,0.279,109,3,133,0.34,1,23,68,0,6,7,심우준,24,0.327790974,0.667790974,2.0,0.00512
2019,64007,33,68,60,0.2,12,2,19,0.317,2,4,26,0,2,1,문상철,28,0.264705882,0.581705882,1.0,0.01667
2019,64011,36,47,44,0.136,6,0,7,0.159,0,1,13,0,1,1,안승한,27,0.173913043,0.332913043,,
2019,64012,105,64,53,0.302,16,0,18,0.34,1,6,13,0,3,0,송민섭,27,0.396825397,0.736825397,,
2019,64022,73,145,136,0.191,26,2,40,0.294,0,6,41,0,2,2,안중열,23,0.236111111,0.530111111,1.0,0.00735
2019,64086,35,54,41,0.195,8,1,11,0.268,2,10,14,0,1,0,신성현,28,0.351851852,0.619851852,2.0,0.04878
2019,64166,66,84,74,0.203,15,0,19,0.257,0,7,23,0,1,2,배정대,24,0.280487805,0.537487805,1.0,0.01351
2019,64260,32,27,26,0.192,5,0,6,0.231,0,0,7,0,0,0,김경호,23,0.192307692,0.423307692,,
2019,64266,13,28,28,0.179,5,0,8,0.286,0,0,6,0,0,0,이성곤,27,0.178571429,0.464571429,0.0,0.0
2019,64300,139,625,540,0.307,166,19,265,0.491,7,70,80,4,7,12,김하성,23,0.389423077,0.880423077,20.0,0.03704
2019,64346,117,419,379,0.243,92,0,119,0.314,0,23,110,0,11,6,임병욱,23,0.305084746,0.619084746,10.0,0.02639
2019,64407,28,33,32,0.219,7,0,8,0.25,0,1,7,0,0,1,김호재,24,0.242424242,0.492424242,,
2019,64410,19,45,42,0.238,10,0,11,0.262,1,2,12,0,0,2,백승민,29,0.266666667,0.528666667,,
2019,64468,58,204,168,0.256,43,4,65,0.387,3,22,45,0,5,7,박계범,23,0.353535354,0.740535354,2.0,0.0119
2019,64469,26,56,51,0.235,12,1,18,0.353,1,2,14,0,1,3,송준석,25,0.272727273,0.625727273,0.0,0.0
2019,64501,36,48,44,0.205,9,0,10,0.227,0,4,13,0,0,0,배성근,24,0.270833333,0.497833333,,
2019,64504,76,228,198,0.222,44,1,49,0.247,4,20,43,1,2,4,오윤석,27,0.294642857,0.541642857,4.0,0.0202
2019,64560,133,470,400,0.27,108,6,153,0.383,5,57,92,0,4,8,이창진,28,0.362660944,0.745660944,9.0,0.0225
2019,64646,133,541,504,0.26,131,2,160,0.317,2,26,83,0,4,8,박찬호,24,0.300373134,0.617373134,4.0,0.00794
2019,64657,38,47,41,0.171,7,0,10,0.244,2,4,15,0,0,1,박준태,27,0.234042553,0.478042553,0.0,0.0
2019,64717,58,109,104,0.25,26,2,38,0.365,0,5,21,0,0,3,지성준,25,0.28440367,0.64940367,0.0,0.0
2019,64793,29,41,39,0.205,8,0,9,0.231,1,1,16,0,0,0,김민수,28,0.219512195,0.450512195,0.0,0.0
2019,64868,87,211,188,0.293,55,0,67,0.356,0,21,28,0,0,0,조용호,29,0.363636364,0.719636364,,
2019,64906,58,94,88,0.273,24,0,26,0.295,0,6,17,0,0,2,강민국,27,0.319148936,0.614148936,,
2019,64984,123,399,374,0.275,103,5,142,0.38,3,16,67,0,1,3,김태진,23,0.304568528,0.684568528,1.0,0.00267
2019,65109,14,30,30,0.167,5,0,6,0.2,0,0,10,0,0,1,백승현,24,0.166666667,0.366666667,,
2019,65207,81,94,81,0.235,19,0,22,0.272,1,8,17,0,3,0,신민재,23,0.322580645,0.594580645,,
2019,65357,103,335,308,0.227,70,3,101,0.328,4,19,53,0,0,7,송성문,22,0.268882175,0.596882175,7.0,0.02273
2019,65399,37,77,68,0.235,16,0,17,0.25,1,7,19,0,1,1,허정협,29,0.311688312,0.561688312,1.0,0.01471
2019,65464,8,21,21,0.286,6,0,6,0.286,0,0,10,0,0,0,최정용,22,0.285714286,0.571714286,0.0,0.0
2019,65515,104,306,288,0.24,69,4,108,0.375,1,13,107,0,3,3,강로한,27,0.278688525,0.653688525,7.0,0.02431
2019,65586,29,55,51,0.098,5,0,6,0.118,0,3,22,0,0,0,전병우,26,0.148148148,0.266148148,2.0,0.03922
2019,65610,12,28,25,0.2,5,0,7,0.28,0,1,8,0,2,0,황대인,23,0.285714286,0.565714286,1.0,0.04
2019,66052,12,24,22,0.227,5,0,5,0.227,0,2,3,0,0,3,남태혁,28,0.291666667,0.518666667,0.0,0.0
2019,66108,23,26,24,0.25,6,0,8,0.333,0,1,12,0,1,1,홍창기,25,0.307692308,0.640692308,0.0,0.0
2019,66354,18,30,29,0.207,6,0,10,0.345,0,1,7,0,0,0,주효상,21,0.233333333,0.578333333,0.0,0.0
2019,66409,16,46,43,0.256,11,2,19,0.442,0,2,16,0,1,1,이성규,25,0.304347826,0.746347826,2.0,0.04651
2019,66462,65,88,77,0.182,14,1,20,0.26,0,7,11,0,0,0,김성훈,25,0.25,0.51,,
2019,66508,45,49,45,0.2,9,0,13,0.289,0,3,12,0,1,0,나경민,27,0.265306122,0.554306122,,
2019,66606,90,255,232,0.198,46,1,66,0.284,1,16,51,0,4,4,최원준,22,0.260869565,0.544869565,1.0,0.00431
2019,66615,57,163,150,0.253,38,0,48,0.32,0,9,29,0,4,3,류승현,22,0.312883436,0.632883436,1.0,0.00667
2019,66662,39,65,57,0.211,12,2,23,0.404,0,7,14,0,1,1,신범수,21,0.307692308,0.711692308,,
2019,66702,14,31,31,0.29,9,0,10,0.323,0,0,8,0,0,1,이동훈,22,0.290322581,0.613322581,,
2019,66706,113,349,315,0.254,80,1,109,0.346,1,26,74,0,5,4,장진혁,25,0.319884726,0.665884726,3.0,0.00952
2019,66715,18,46,42,0.214,9,0,10,0.238,2,2,9,0,0,0,김인환,25,0.239130435,0.477130435,,
2019,66838,60,211,195,0.215,42,6,66,0.338,2,12,47,0,2,2,김동엽,28,0.265402844,0.603402844,5.0,0.02564
2019,66864,65,108,102,0.235,24,0,27,0.265,1,4,28,0,0,3,안상현,22,0.261682243,0.526682243,0.0,0.0
2019,66917,76,154,141,0.277,39,1,50,0.355,1,6,21,0,4,1,김찬형,21,0.322368421,0.677368421,0.0,0.0
2019,67025,142,578,521,0.322,168,24,276,0.53,5,49,120,5,3,4,로하스,29,0.380622837,0.910622837,25.0,0.04798
2019,67304,122,387,348,0.276,96,0,126,0.362,4,29,85,1,2,4,김혜성,20,0.331592689,0.693592689,4.0,0.01149
2019,67341,140,630,574,0.336,193,6,262,0.456,4,45,40,0,4,15,이정후,20,0.385964912,0.841964912,8.0,0.01394
2019,67450,133,568,472,0.292,138,22,243,0.515,9,80,87,6,7,18,러프,32,0.396126761,0.911126761,22.0,0.04661
2019,67504,11,37,34,0.235,8,0,11,0.324,0,1,14,0,2,2,김민수,21,0.297297297,0.621297297,1.0,0.02941
2019,67539,104,209,185,0.124,23,3,36,0.195,2,9,88,0,6,5,나종덕,21,0.188118812,0.383118812,1.0,0.00541
2019,67872,137,589,504,0.276,139,29,256,0.508,6,73,117,3,6,11,로맥,33,0.370118846,0.878118846,31.0,0.06151
2019,68050,116,505,438,0.336,147,13,217,0.495,4,61,87,4,2,11,강백호,19,0.415841584,0.910841584,16.0,0.03653
2019,68069,30,18,16,0.125,2,0,2,0.125,0,2,7,0,0,1,고명성,20,0.222222222,0.347222222,,
2019,68345,139,613,525,0.305,160,28,285,0.543,5,77,101,1,6,17,샌즈,31,0.396411093,0.939411093,34.0,0.06476
2019,68407,28,60,53,0.245,13,3,23,0.434,0,6,18,0,1,0,공민규,19,0.333333333,0.767333333,4.0,0.07547
2019,68518,15,35,32,0.125,4,0,4,0.125,0,2,10,0,1,2,정보근,19,0.2,0.325,0.0,0.0
2019,68525,59,207,187,0.203,38,2,53,0.283,2,18,57,0,0,3,한동희,20,0.270531401,0.553531401,2.0,0.0107
2019,68614,30,29,28,0.143,4,0,4,0.143,0,0,12,0,0,1,오정환,20,0.142857143,0.285857143,,
2019,68646,7,20,20,0.3,6,0,8,0.4,0,0,2,0,0,2,한준수,20,0.3,0.7,,
2019,68730,124,525,476,0.284,135,18,219,0.46,5,38,90,5,5,6,호잉,30,0.339694656,0.799694656,12.0,0.02521
2019,68743,142,624,564,0.262,148,8,211,0.374,6,48,101,0,0,6,정은원,19,0.317152104,0.691152104,9.0,0.01596
2019,68868,15,36,33,0.212,7,0,9,0.273,0,3,3,0,0,2,최준우,20,0.277777778,0.550777778,,
2019,68912,55,119,107,0.224,24,2,35,0.327,0,8,24,0,0,1,김형준,19,0.27826087,0.60526087,1.0,0.00935
2019,69100,57,95,85,0.176,15,1,19,0.224,1,6,17,0,2,0,구본혁,22,0.244680851,0.468680851,0.0,0.0
2019,69150,55,217,197,0.274,54,9,84,0.426,2,14,46,0,4,3,조셉,27,0.331797235,0.757797235,12.0,0.06091
2019,69165,52,214,199,0.286,57,9,94,0.472,1,12,63,0,2,2,페게로,32,0.331775701,0.803775701,12.0,0.0603
2019,69209,144,645,572,0.344,197,15,276,0.483,6,61,54,4,6,16,페르난데스,31,0.409302326,0.892302326,17.0,0.02972
2019,69405,40,168,154,0.273,42,4,63,0.409,1,13,50,0,0,2,윌리엄슨,28,0.327380952,0.736380952,7.0,0.04545
2019,69418,14,23,21,0.19,4,0,4,0.19,0,2,7,0,0,0,박승규,18,0.260869565,0.450869565,0.0,0.0
2019,69442,61,106,93,0.204,19,2,31,0.333,1,8,36,0,0,0,김도환,19,0.264705882,0.597705882,1.0,0.01075
2019,69453,118,436,385,0.262,101,7,142,0.369,4,32,89,0,10,3,이학주,28,0.331786543,0.700786543,4.0,0.01039
2019,69508,17,20,20,0.1,2,1,5,0.25,0,0,4,0,0,0,신용수,23,0.1,0.35,,
2019,69517,30,89,83,0.253,21,0,31,0.373,1,4,16,0,0,1,고승민,18,0.284090909,0.657090909,,
2019,69530,49,194,163,0.252,41,2,60,0.368,1,26,24,1,1,0,아수아헤,27,0.356020942,0.724020942,3.0,0.0184
2019,69569,68,268,231,0.251,58,9,100,0.433,1,31,60,0,5,8,윌슨,28,0.350746269,0.783746269,14.0,0.06061
2019,69605,11,46,41,0.146,6,2,14,0.341,0,4,18,0,1,0,해즐베이커,31,0.239130435,0.580130435,1.0,0.02439
2019,69636,27,57,53,0.151,8,1,14,0.264,0,3,24,0,1,0,오선우,22,0.210526316,0.474526316,1.0,0.01887
2019,69652,95,399,357,0.311,111,9,171,0.479,1,38,44,0,3,12,터커,29,0.380952381,0.859952381,6.0,0.01681
2019,69727,29,61,53,0.226,12,1,16,0.302,0,7,17,0,1,3,변우혁,19,0.327868852,0.629868852,,
2019,69737,91,192,177,0.186,33,1,46,0.26,1,11,72,0,2,3,노시환,18,0.240837696,0.500837696,2.0,0.0113
2019,69766,38,61,55,0.164,9,1,13,0.236,1,5,17,0,0,0,유장혁,19,0.229508197,0.465508197,0.0,0.0
2019,69802,17,16,16,0.063,1,0,2,0.125,0,0,2,0,0,0,최경모,23,0.0625,0.1875,,
2019,69825,18,53,45,0.178,8,0,10,0.222,0,4,11,0,1,1,김창평,19,0.26,0.482,,
2019,69901,55,228,205,0.229,47,9,90,0.439,2,16,31,0,5,7,스몰린스키,30,0.298245614,0.737245614,5.0,0.02439
2019,69950,53,224,203,0.246,50,8,82,0.404,2,18,51,0,1,1,베탄코트,27,0.308035714,0.712035714,9.0,0.04433
2019,70410,100,363,337,0.3,101,3,126,0.374,3,17,44,3,5,6,김주찬,38,0.339779006,0.713779006,3.0,0.0089
2019,70756,19,31,26,0.231,6,1,10,0.385,2,3,3,0,0,1,이범호,37,0.290322581,0.675322581,1.0,0.03846
2019,71184,55,74,64,0.156,10,0,13,0.203,0,4,11,0,3,2,이성우,37,0.23943662,0.44243662,0.0,0.0
2019,71432,30,85,74,0.257,19,2,28,0.378,1,9,17,0,0,0,박한이,40,0.333333333,0.711333333,2.0,0.02703
2019,71564,135,549,485,0.285,138,16,211,0.435,7,47,65,4,10,19,이대호,37,0.355191257,0.790191257,20.0,0.04124
2019,71752,127,500,433,0.305,132,6,171,0.395,8,54,94,5,5,15,김태균,37,0.382,0.777,8.0,0.01848
2019,71837,127,460,422,0.27,114,8,156,0.37,3,31,103,3,4,2,김강민,36,0.323913043,0.693913043,10.0,0.0237
2019,71842,22,24,24,0.083,2,0,3,0.125,0,0,11,0,0,3,정상호,36,0.083333333,0.208333333,0.0,0.0
2019,72133,64,215,195,0.282,55,1,67,0.344,2,18,30,1,0,3,박용택,40,0.339534884,0.683534884,3.0,0.01538
2019,72443,136,555,456,0.3,137,17,221,0.485,7,85,77,6,7,13,최형우,35,0.412612613,0.897612613,26.0,0.05702
2019,72456,20,35,31,0.194,6,1,9,0.29,0,2,6,0,0,3,손주인,35,0.242424242,0.532424242,0.0,0.0
2019,72546,40,72,64,0.25,16,0,18,0.281,3,3,10,0,0,1,문규현,36,0.271428571,0.552428571,0.0,0.0
2019,73113,137,490,421,0.247,104,10,158,0.375,6,55,102,1,4,14,박경수,35,0.335390947,0.710390947,17.0,0.04038
2019,73136,129,476,414,0.256,106,21,192,0.464,4,48,114,1,9,7,이성열,34,0.343157895,0.807157895,21.0,0.05072
2019,73209,94,245,225,0.222,50,3,68,0.302,1,12,54,0,3,6,나주환,35,0.269709544,0.571709544,3.0,0.01333
2019,73213,68,149,135,0.267,36,2,48,0.356,0,5,23,0,5,2,손시헌,38,0.317241379,0.673241379,,
2019,73306,76,169,149,0.228,34,2,49,0.329,2,10,37,1,6,6,지석훈,35,0.299401198,0.628401198,1.0,0.00671
2019,74206,130,470,377,0.268,101,4,135,0.358,11,67,58,3,7,10,김재호,34,0.378787879,0.736787879,13.0,0.03448
2019,74215,63,178,169,0.231,39,2,49,0.29,2,7,24,0,0,4,윤석민,33,0.258426966,0.548426966,5.0,0.02959
2019,74339,139,562,501,0.317,159,14,222,0.443,5,52,61,1,4,20,유한준,38,0.382562278,0.825562278,15.0,0.02994
2019,74465,112,444,360,0.267,96,19,172,0.478,3,65,69,2,12,17,박석민,34,0.393181818,0.871181818,9.0,0.025
2019,74540,112,393,346,0.234,81,13,140,0.405,3,33,76,2,9,9,강민호,33,0.314578005,0.719578005,8.0,0.02312
2019,74729,45,129,117,0.231,27,6,51,0.436,1,9,28,0,2,3,최진행,33,0.294573643,0.730573643,5.0,0.04274
2019,74846,18,37,32,0.188,6,1,10,0.313,0,5,11,0,0,0,박정권,37,0.297297297,0.610297297,1.0,0.03125
2019,75125,122,532,432,0.28,121,33,242,0.56,9,78,117,5,13,7,박병호,33,0.398496241,0.958496241,31.0,0.07176
2019,75151,110,419,380,0.282,107,13,170,0.447,2,30,60,1,6,9,정의윤,32,0.342105263,0.789105263,15.0,0.03947
2019,75334,130,529,467,0.293,137,21,231,0.495,4,55,99,1,3,5,오재일,32,0.368620038,0.863620038,24.0,0.05139
2019,75566,111,455,395,0.246,97,19,174,0.441,7,43,73,0,8,10,이원석,32,0.326710817,0.767710817,10.0,0.02532
2019,75808,88,305,277,0.278,77,3,98,0.354,1,20,43,1,4,11,정근우,36,0.334437086,0.688437086,2.0,0.00722
2019,75847,141,606,503,0.292,147,29,261,0.519,8,69,92,6,26,4,최정,32,0.399339934,0.918339934,21.0,0.04175
2019,76100,8,22,19,0.158,3,0,5,0.263,0,2,7,0,1,1,이병규,35,0.272727273,0.535727273,2.0,0.10526
2019,76158,10,24,22,0.227,5,0,5,0.227,0,2,10,0,0,1,최승준,31,0.291666667,0.518666667,0.0,0.0
2019,76232,118,459,390,0.354,138,20,224,0.574,6,48,43,4,15,13,양의지,32,0.437908497,1.011908497,20.0,0.05128
2019,76249,101,420,369,0.304,112,9,167,0.453,3,42,55,0,5,9,민병헌,32,0.37947494,0.83247494,10.0,0.0271
2019,76267,87,325,285,0.277,79,4,104,0.365,11,28,35,0,1,10,최주환,31,0.332307692,0.697307692,6.0,0.02105
2019,76290,140,595,526,0.304,160,11,230,0.437,9,54,52,9,6,11,김현수,31,0.369747899,0.806747899,22.0,0.04183
2019,76313,124,507,448,0.283,127,20,209,0.467,5,52,71,2,2,10,황재균,31,0.357001972,0.824001972,17.0,0.03795
2019,76368,71,59,51,0.255,13,0,17,0.333,1,6,12,0,0,1,유재신,31,0.327586207,0.660586207,0.0,0.0
2019,76509,51,109,103,0.243,25,0,32,0.311,1,4,30,0,0,1,김문호,32,0.268518519,0.579518519,1.0,0.00971
2019,76720,25,45,40,0.225,9,2,16,0.4,0,3,15,0,0,0,정범모,32,0.279069767,0.679069767,2.0,0.05
2019,76753,122,486,454,0.264,120,7,162,0.357,5,21,91,0,3,18,송광민,36,0.298136646,0.655136646,12.0,0.02643
2019,76802,144,472,426,0.246,105,1,128,0.3,3,33,43,0,2,15,김성현,32,0.301724138,0.601724138,0.0,0.0
2019,76812,139,502,451,0.268,121,12,176,0.39,7,34,59,2,9,16,이재원,31,0.327345309,0.717345309,12.0,0.02661
2019,76849,139,547,484,0.293,142,2,171,0.353,4,48,66,2,4,12,이명기,31,0.359259259,0.712259259,0.0,0.0
2019,76869,83,49,42,0.286,12,0,16,0.381,0,4,11,0,0,0,김재현,31,0.347826087,0.728826087,0.0,0.0
2019,77243,56,93,79,0.127,10,1,16,0.203,2,5,18,0,3,3,허도환,34,0.202247191,0.405247191,1.0,0.01266
2019,77248,98,204,177,0.164,29,3,48,0.271,0,25,50,0,0,3,오재원,34,0.267326733,0.538326733,7.0,0.03955
2019,77463,59,182,167,0.251,42,5,68,0.407,2,11,45,1,2,5,채태인,36,0.302197802,0.709197802,5.0,0.02994
2019,77532,134,568,512,0.295,151,10,205,0.4,2,52,92,1,1,6,손아섭,31,0.35978836,0.75978836,11.0,0.02148
2019,77564,107,401,361,0.26,94,8,134,0.371,1,30,75,0,4,12,김민성,30,0.323232323,0.694232323,8.0,0.02216
2019,77654,32,49,36,0.194,7,0,8,0.222,0,9,11,0,1,1,이준수,31,0.369565217,0.591565217,,
2019,78122,18,28,22,0.182,4,0,4,0.182,0,4,8,0,2,1,김태군,29,0.357142857,0.539142857,0.0,0.0
2019,78135,120,482,419,0.286,120,13,185,0.442,10,42,78,1,10,9,이형종,30,0.357588358,0.799588358,16.0,0.03819
2019,78168,113,486,426,0.3,128,2,163,0.383,5,49,50,1,3,5,서건창,29,0.372670807,0.755670807,4.0,0.00939
2019,78217,114,210,179,0.218,39,0,50,0.279,1,24,38,1,2,1,김용의,33,0.315533981,0.594533981,2.0,0.01117
2019,78224,136,574,495,0.283,140,15,215,0.434,11,63,113,5,5,7,김재환,30,0.362369338,0.796369338,34.0,0.06869
2019,78288,135,451,373,0.29,108,3,135,0.362,4,56,61,0,14,9,최재훈,29,0.398210291,0.760210291,8.0,0.02145
2019,78361,75,106,96,0.24,23,0,30,0.313,0,9,18,0,0,4,전민수,30,0.304761905,0.617761905,2.0,0.02083
2019,78513,141,606,545,0.301,164,22,262,0.481,7,46,71,2,7,19,전준우,33,0.358677686,0.839677686,22.0,0.04037
2019,78548,127,413,366,0.262,96,7,124,0.339,6,35,86,2,2,11,장성우,29,0.325183374,0.664183374,6.0,0.01639
2019,78603,121,447,394,0.292,115,3,146,0.371,4,43,26,0,1,7,김선빈,29,0.359728507,0.730728507,3.0,0.00761
2019,78629,56,153,129,0.186,24,6,47,0.364,2,19,37,1,3,3,나지완,34,0.300653595,0.664653595,4.0,0.03101
2019,78643,28,51,47,0.234,11,2,19,0.404,0,3,14,0,1,0,백용환,30,0.294117647,0.698117647,3.0,0.06383
2019,78756,122,453,392,0.224,88,3,113,0.288,3,38,72,0,10,8,오선진,30,0.306997743,0.594997743,5.0,0.01276
2019,78813,101,386,341,0.305,104,10,159,0.466,11,31,62,1,3,8,모창민,34,0.357512953,0.823512953,10.0,0.02933
2019,79109,134,547,473,0.252,119,9,179,0.378,3,57,113,1,7,7,오지환,29,0.338888889,0.716888889,20.0,0.04228
2019,79113,29,61,49,0.163,8,3,17,0.347,2,9,18,0,1,0,문선재,29,0.295081967,0.642081967,2.0,0.04082
2019,79150,129,425,376,0.231,87,2,116,0.309,1,31,91,0,1,10,정주현,28,0.290953545,0.599953545,2.0,0.00532
2019,79192,128,514,470,0.315,148,12,204,0.434,8,24,67,1,12,9,채은성,29,0.357976654,0.791976654,23.0,0.04894
2019,79198,106,62,59,0.102,6,1,11,0.186,0,1,13,0,0,0,윤진호,33,0.116666667,0.302666667,1.0,0.01695
2019,79215,127,537,458,0.319,146,10,213,0.465,11,60,57,0,7,23,박건우,28,0.39738806,0.86238806,19.0,0.04148
2019,79231,123,513,441,0.265,117,0,146,0.331,5,57,60,0,6,6,정수빈,28,0.353634578,0.684634578,4.0,0.00907
2019,79234,11,23,20,0.15,3,0,4,0.2,2,0,4,0,0,1,김진형,29,0.136363636,0.336363636,,
2019,79240,133,540,475,0.288,137,4,176,0.371,11,34,36,2,17,16,허경민,28,0.35009311,0.72109311,5.0,0.01053
2019,79290,21,41,35,0.171,6,0,9,0.257,0,5,13,0,1,3,국해성,29,0.292682927,0.549682927,1.0,0.02857
2019,79300,69,32,30,0.267,8,0,10,0.333,0,2,7,0,0,1,김지수,32,0.3125,0.6455,,
2019,79334,119,413,372,0.247,92,7,128,0.344,5,27,77,0,9,14,장영석,29,0.309927361,0.653927361,3.0,0.00806
2019,79364,10,21,20,0.2,4,1,7,0.35,0,0,7,0,0,1,김종민,33,0.2,0.55,,
2019,79365,112,361,317,0.297,94,10,141,0.445,1,34,56,0,2,10,박동원,29,0.367231638,0.812231638,8.0,0.02524
2019,79402,129,543,468,0.271,127,5,166,0.355,4,50,67,1,15,14,김상수,29,0.357541899,0.712541899,4.0,0.00855
2019,79456,106,331,308,0.282,87,1,97,0.315,1,15,28,1,1,14,이지영,33,0.316923077,0.631923077,1.0,0.00325
2019,79465,30,80,71,0.225,16,0,17,0.239,1,6,15,0,2,0,배영섭,33,0.3,0.539,,
2019,79530,18,49,44,0.136,6,0,8,0.182,1,2,15,0,0,3,양종민,28,0.170212766,0.352212766,0.0,0.0
2019,79608,105,408,362,0.315,114,5,149,0.412,5,40,37,1,1,9,안치홍,29,0.379901961,0.791901961,3.0,0.00829
2019,79705,58,117,104,0.231,24,3,37,0.356,1,11,24,0,0,1,김회성,33,0.301724138,0.657724138,1.0,0.00962
2020,50054,66,77,69,0.203,14,0,17,0.246,0,7,15,0,1,0,천성호,22,0.285714286,0.531714286,0.0,0.0
2020,50066,26,32,30,0.2,6,1,11,0.367,0,2,11,0,0,1,강현우,19,0.25,0.617,1.0,0.03333
2020,50150,23,31,30,0.367,11,0,13,0.433,0,1,6,0,0,2,손호영,25,0.387096774,0.820096774,,
2020,50165,117,494,431,0.278,120,38,255,0.592,4,55,136,5,4,7,라모스,25,0.362348178,0.954348178,36.0,0.08353
2020,50202,68,41,37,0.27,10,0,10,0.27,1,2,5,0,0,1,안권수,27,0.3,0.57,1.0,0.02703
2020,50293,17,26,22,0.227,5,0,5,0.227,0,3,2,0,1,0,양찬열,23,0.346153846,0.573153846,,
2020,50300,10,37,35,0.114,4,1,7,0.2,1,1,10,0,0,0,모터,30,0.135135135,0.335135135,1.0,0.02857
2020,50350,65,271,244,0.254,62,2,82,0.336,3,22,37,1,2,6,러셀,26,0.317343173,0.653343173,2.0,0.0082
2020,50357,13,25,24,0.25,6,0,8,0.333,0,1,10,0,0,0,박주홍,19,0.28,0.613,0.0,0.0
2020,50458,135,287,254,0.232,59,1,69,0.272,2,24,44,0,2,1,김지찬,19,0.30141844,0.57341844,,
2020,50468,44,163,132,0.28,37,6,63,0.477,1,23,41,0,7,3,살라디노,30,0.411042945,0.888042945,5.0,0.03788
2020,50469,51,217,196,0.209,41,8,72,0.367,3,18,58,0,0,5,팔카,28,0.271889401,0.638889401,5.0,0.02551
2020,50506,144,560,486,0.28,136,12,205,0.422,8,54,60,2,8,20,마차도,28,0.356115108,0.778115108,8.0,0.01646
2020,50600,40,88,80,0.25,20,0,23,0.288,1,4,13,0,0,1,홍종표,20,0.282352941,0.570352941,,
2020,50704,52,119,108,0.231,25,1,33,0.306,0,9,38,0,1,2,임종찬,18,0.296610169,0.602610169,3.0,0.02778
2020,50707,47,135,127,0.236,30,0,30,0.236,2,4,34,0,1,3,최인호,20,0.26119403,0.49719403,1.0,0.00787
2020,50709,30,64,61,0.279,17,1,23,0.377,0,3,17,0,0,2,박정현,18,0.3125,0.6895,,
2020,50730,74,319,283,0.265,75,9,121,0.428,2,27,81,1,7,4,반즈,34,0.34169279,0.76969279,8.0,0.02827
2020,50854,127,520,466,0.258,120,1,152,0.326,3,38,80,0,5,4,최지훈,22,0.318359375,0.644359375,0.0,0.0
2020,50923,136,546,482,0.278,134,31,261,0.541,6,46,149,3,12,10,알테어,29,0.351648352,0.892648352,27.0,0.05602
2020,60288,45,85,76,0.224,17,0,18,0.237,0,5,22,0,1,1,김응민,28,0.280487805,0.517487805,0.0,0.0
2020,60343,70,135,119,0.269,32,3,46,0.387,2,9,23,0,4,6,이해창,33,0.335820896,0.722820896,0.0,0.0
2020,60523,111,476,410,0.295,121,11,175,0.427,4,56,85,0,4,8,정훈,32,0.38185654,0.80885654,11.0,0.02683
2020,60558,94,258,234,0.274,64,5,93,0.397,0,13,47,0,7,6,오태곤,28,0.330708661,0.727708661,1.0,0.00427
2020,60566,82,65,61,0.131,8,0,9,0.148,0,3,5,0,0,2,이상호,31,0.171875,0.319875,,
2020,61102,137,478,429,0.261,112,16,178,0.415,2,32,84,1,13,18,유강남,27,0.329831933,0.744831933,16.0,0.0373
2020,61186,89,359,312,0.256,80,3,104,0.333,6,35,44,0,4,7,이천웅,31,0.333333333,0.666333333,4.0,0.01282
2020,61197,58,118,101,0.297,30,1,36,0.356,1,13,16,0,2,3,최영진,32,0.384615385,0.740615385,1.0,0.0099
2020,61204,82,73,68,0.221,15,0,20,0.294,0,5,8,0,0,2,김동한,32,0.273972603,0.567972603,,
2020,61208,113,326,282,0.277,78,2,100,0.355,2,29,50,1,3,5,정진호,31,0.348101266,0.703101266,3.0,0.01064
2020,61353,92,288,272,0.283,77,3,101,0.371,1,14,55,0,1,3,고종욱,31,0.319444444,0.690444444,3.0,0.01103
2020,61404,97,283,254,0.248,63,3,80,0.315,3,22,31,0,3,7,김헌곤,31,0.312056738,0.627056738,1.0,0.00394
2020,61554,36,85,74,0.284,21,1,30,0.405,0,8,16,0,2,2,김민하,31,0.369047619,0.774047619,1.0,0.01351
2020,61566,60,95,84,0.179,15,1,22,0.262,0,8,29,0,1,4,허일,27,0.258064516,0.520064516,1.0,0.0119
2020,61700,94,238,193,0.228,44,4,65,0.337,2,35,64,0,3,2,강경학,27,0.35193133,0.68893133,1.0,0.00518
2020,61743,70,161,148,0.27,40,3,56,0.378,1,11,34,1,1,1,오준혁,28,0.322981366,0.700981366,0.0,0.0
2020,61869,50,140,126,0.238,30,2,42,0.333,2,7,34,1,1,2,정진기,27,0.279411765,0.612411765,2.0,0.01587
2020,62025,73,146,132,0.258,34,4,55,0.417,1,11,26,1,0,3,이원재,31,0.3125,0.7295,6.0,0.04545
2020,62234,25,51,42,0.381,16,1,22,0.524,2,1,6,0,5,3,류지혁,26,0.44,0.964,2.0,0.04762
2020,62244,124,423,360,0.269,97,4,131,0.364,7,35,45,0,12,7,박세혁,30,0.347826087,0.711826087,8.0,0.02222
2020,62265,126,456,391,0.246,96,8,143,0.366,4,53,80,1,6,14,유민상,31,0.341409692,0.707409692,17.0,0.04348
2020,62353,86,47,43,0.186,8,0,10,0.233,0,2,14,0,2,0,박정음,31,0.255319149,0.488319149,0.0,0.0
2020,62356,54,111,101,0.208,21,1,28,0.277,1,5,24,0,1,3,김규민,27,0.25,0.527,0.0,0.0
2020,62404,118,510,446,0.307,137,15,213,0.478,4,51,91,3,8,4,구자욱,27,0.385068762,0.863068762,16.0,0.03587
2020,62409,51,116,96,0.219,21,1,29,0.302,2,15,22,1,1,2,박찬도,31,0.324561404,0.626561404,1.0,0.01042
2020,62415,132,541,489,0.29,142,11,203,0.415,3,39,77,1,3,7,박해민,30,0.344569288,0.759569288,3.0,0.00613
2020,62556,81,123,106,0.217,23,2,30,0.283,1,14,22,0,1,3,신본기,31,0.31147541,0.59447541,0.0,0.0
2020,62558,128,369,306,0.225,69,5,100,0.327,3,56,64,0,1,5,김준태,25,0.344262295,0.671262295,4.0,0.01307
2020,62700,72,281,262,0.286,75,2,92,0.351,2,13,66,0,2,3,하주석,26,0.322580645,0.673580645,1.0,0.00382
2020,62802,97,128,110,0.264,29,1,39,0.355,1,11,37,0,4,1,박승욱,27,0.349206349,0.704206349,0.0,0.0
2020,62864,69,238,211,0.251,53,2,67,0.318,2,17,28,0,2,3,김민식,31,0.310344828,0.628344828,3.0,0.01422
2020,62884,47,155,132,0.265,35,2,44,0.333,1,21,27,1,1,3,최항,26,0.367741935,0.700741935,2.0,0.01515
2020,62895,62,231,193,0.249,48,15,98,0.508,2,30,49,1,6,8,한동민,30,0.363636364,0.871636364,11.0,0.05699
2020,62907,126,530,467,0.345,161,8,222,0.475,10,36,48,2,15,12,박민우,27,0.401515152,0.876515152,6.0,0.01285
2020,62908,25,73,70,0.243,17,0,20,0.286,0,3,10,0,0,3,황윤호,26,0.273972603,0.559972603,1.0,0.01429
2020,62925,121,432,395,0.309,122,12,183,0.463,6,20,46,0,9,11,강진성,26,0.351162791,0.814162791,7.0,0.01772
2020,62931,132,484,427,0.274,117,20,205,0.48,0,49,106,3,5,8,노진혁,30,0.355509356,0.835509356,20.0,0.04684
2020,62934,104,225,195,0.221,43,8,73,0.374,2,17,40,0,4,0,김성욱,27,0.293577982,0.667577982,8.0,0.04103
2020,62947,130,584,525,0.324,170,34,313,0.596,1,49,148,2,9,6,나성범,30,0.390410959,0.986410959,29.0,0.05524
2020,63202,23,22,20,0.25,5,0,8,0.4,0,1,6,0,1,2,장승현,26,0.318181818,0.718181818,0.0,0.0
2020,63257,77,110,84,0.202,17,1,25,0.298,1,21,13,0,2,3,김인태,26,0.37037037,0.66837037,0.0,0.0
2020,63260,48,67,59,0.203,12,0,13,0.22,0,6,11,0,2,2,이우성,25,0.298507463,0.518507463,2.0,0.0339
2020,63440,49,132,125,0.24,30,3,40,0.32,1,6,29,0,0,5,이흥련,31,0.272727273,0.592727273,3.0,0.024
2020,63450,89,128,112,0.152,17,2,27,0.241,0,11,34,0,2,3,정현,26,0.24,0.481,1.0,0.00893
2020,63559,27,19,16,0.188,3,0,4,0.25,0,1,4,0,2,0,백동훈,29,0.315789474,0.565789474,0.0,0.0
2020,63634,49,96,84,0.19,16,3,27,0.321,1,6,26,0,3,3,이홍구,29,0.265957447,0.586957447,1.0,0.0119
2020,63700,24,29,27,0.148,4,1,8,0.296,0,2,9,0,0,0,장운호,26,0.206896552,0.502896552,1.0,0.03704
2020,63703,13,24,20,0.15,3,0,3,0.15,0,2,8,0,0,2,박한결,25,0.227272727,0.377272727,,
2020,63704,100,330,291,0.251,73,1,92,0.316,1,34,64,2,2,2,노수광,29,0.332317073,0.648317073,0.0,0.0
2020,63722,83,262,226,0.226,51,9,84,0.372,0,21,58,0,6,7,한승택,26,0.308300395,0.680300395,4.0,0.0177
2020,63920,45,75,65,0.215,14,1,18,0.277,0,10,9,0,0,3,김준완,29,0.32,0.597,1.0,0.01538
2020,63963,123,426,346,0.26,90,12,142,0.41,5,58,72,0,11,6,권희동,29,0.378571429,0.788571429,11.0,0.03179
2020,64004,108,249,222,0.239,53,5,77,0.347,1,22,42,0,2,4,김민혁,24,0.311740891,0.658740891,1.0,0.0045
2020,64006,144,535,476,0.235,112,3,143,0.3,4,37,98,0,2,7,심우준,25,0.290944123,0.590944123,2.0,0.0042
2020,64007,74,172,154,0.26,40,8,71,0.461,2,11,43,0,2,4,문상철,29,0.313609467,0.774609467,5.0,0.03247
2020,64012,114,51,41,0.195,8,1,14,0.341,1,5,13,0,1,0,송민섭,28,0.291666667,0.632666667,,
2020,64014,29,22,21,0.143,3,1,6,0.286,1,0,7,0,0,0,김병희,29,0.136363636,0.422363636,1.0,0.04762
2020,64115,46,68,60,0.217,13,1,19,0.317,1,6,7,0,0,2,장준원,24,0.28358209,0.60058209,1.0,0.01667
2020,64153,40,132,118,0.246,29,3,43,0.364,0,10,25,0,2,1,양석환,28,0.315384615,0.679384615,1.0,0.00847
2020,64166,144,615,533,0.289,154,13,224,0.42,4,68,142,0,5,9,배정대,25,0.372131148,0.792131148,11.0,0.02064
2020,64209,29,36,31,0.161,5,0,7,0.226,0,3,15,0,2,0,정기훈,25,0.277777778,0.503777778,,
2020,64213,28,49,44,0.295,13,0,15,0.341,0,4,8,0,0,2,최용제,28,0.354166667,0.695166667,0.0,0.0
2020,64260,56,110,105,0.286,30,0,35,0.333,1,3,16,0,0,2,김경호,24,0.302752294,0.635752294,,
2020,64266,62,154,139,0.281,39,5,61,0.439,2,11,38,0,0,3,이성곤,28,0.328947368,0.767947368,6.0,0.04317
2020,64300,138,622,533,0.306,163,30,279,0.523,3,75,68,3,8,12,김하성,24,0.397415186,0.920415186,20.0,0.03752
2020,64346,12,41,37,0.27,10,0,14,0.378,0,4,10,1,0,1,임병욱,24,0.341463415,0.719463415,0.0,0.0
2020,64407,65,138,118,0.322,38,1,46,0.39,0,16,19,0,3,1,김호재,25,0.416058394,0.806058394,,
2020,64468,80,175,164,0.195,32,3,48,0.293,1,7,42,0,0,3,박계범,24,0.226744186,0.519744186,1.0,0.0061
2020,64469,32,50,47,0.277,13,1,21,0.447,0,2,6,0,1,4,송준석,26,0.32,0.767,0.0,0.0
2020,64504,63,197,168,0.298,50,4,71,0.423,2,24,47,0,2,2,오윤석,28,0.387755102,0.810755102,3.0,0.01786
2020,64560,22,99,88,0.33,29,0,39,0.443,0,10,17,0,1,2,이창진,29,0.404040404,0.847040404,1.0,0.01136
2020,64610,34,122,105,0.305,32,1,38,0.362,1,11,24,0,0,3,강한울,28,0.367521368,0.729521368,1.0,0.00952
2020,64646,141,531,480,0.223,107,3,132,0.275,3,36,87,0,0,14,박찬호,25,0.275529865,0.550529865,4.0,0.00833
2020,64657,128,443,347,0.245,85,5,115,0.331,3,65,120,0,19,4,박준태,28,0.389400922,0.720400922,6.0,0.01729
2020,64704,55,113,102,0.216,22,0,28,0.275,0,7,31,0,3,0,노태형,25,0.285714286,0.560714286,,
2020,64793,17,26,23,0.174,4,0,4,0.174,0,2,6,0,0,0,김민수,29,0.24,0.414,0.0,0.0
2020,64868,132,482,409,0.296,121,0,136,0.333,2,64,83,1,2,6,조용호,30,0.392033543,0.725033543,,
2020,64890,28,25,24,0.25,6,1,10,0.417,0,1,7,0,0,2,유서준,24,0.28,0.697,1.0,0.04167
2020,64906,81,120,107,0.224,24,0,27,0.252,0,7,20,0,0,0,강민국,28,0.271929825,0.523929825,,
2020,64984,82,280,263,0.236,62,1,72,0.274,1,13,45,0,1,2,김태진,24,0.273381295,0.547381295,1.0,0.0038
2020,65109,27,39,28,0.25,7,0,8,0.286,0,4,8,0,1,0,백승현,25,0.363636364,0.649636364,,
2020,65207,68,32,26,0.308,8,0,9,0.346,0,4,4,0,0,1,신민재,24,0.4,0.746,,
2020,65399,111,360,314,0.268,84,10,126,0.401,1,40,73,0,2,7,허정협,30,0.352941176,0.753941176,6.0,0.01911
2020,65464,38,59,56,0.196,11,1,15,0.268,0,2,15,0,0,0,최정용,23,0.224137931,0.492137931,1.0,0.01786
2020,65503,14,26,25,0.16,4,1,7,0.28,0,1,7,0,0,0,김지수,23,0.192307692,0.472307692,,
2020,65506,68,133,116,0.259,30,1,34,0.293,0,12,35,0,3,2,김재유,27,0.34351145,0.63651145,1.0,0.00862
2020,65515,16,26,21,0.19,4,0,4,0.19,0,4,6,0,1,0,강로한,28,0.346153846,0.536153846,0.0,0.0
2020,65586,119,402,359,0.237,85,8,128,0.357,2,37,100,0,2,7,전병우,27,0.31,0.667,11.0,0.03064
2020,65610,63,138,116,0.276,32,4,48,0.414,1,21,29,0,0,5,황대인,24,0.384057971,0.798057971,4.0,0.03448
2020,65653,89,159,138,0.232,32,4,53,0.384,1,14,55,0,3,2,김호령,28,0.314102564,0.698102564,5.0,0.03623
2020,65703,14,25,24,0.208,5,0,6,0.25,0,1,6,0,0,0,이도윤,23,0.24,0.49,,
2020,65869,58,109,101,0.178,18,2,26,0.257,0,4,30,0,2,4,이현석,28,0.224299065,0.481299065,,
2020,65898,73,235,207,0.275,57,8,94,0.454,3,17,65,1,3,6,김웅빈,24,0.334782609,0.788782609,5.0,0.02415
2020,66052,35,72,66,0.197,13,1,17,0.258,0,6,22,0,0,2,남태혁,29,0.263888889,0.521888889,1.0,0.01515
2020,66108,135,507,408,0.279,114,5,170,0.417,3,83,87,1,10,8,홍창기,26,0.410714286,0.827714286,9.0,0.02206
2020,66113,69,112,103,0.243,25,2,36,0.35,0,7,14,0,2,2,김호은,28,0.303571429,0.653571429,3.0,0.02913
2020,66203,40,29,25,0.24,6,0,8,0.32,1,3,7,0,0,0,서예일,27,0.310344828,0.630344828,,
2020,66209,44,40,38,0.263,10,0,10,0.263,0,2,6,0,0,0,조수행,26,0.3,0.563,,
2020,66354,63,101,84,0.19,16,0,20,0.238,1,13,26,0,0,0,주효상,22,0.295918367,0.533918367,0.0,0.0
2020,66409,98,245,216,0.181,39,10,78,0.361,2,18,64,0,5,7,이성규,26,0.257261411,0.618261411,10.0,0.0463
2020,66606,123,412,359,0.326,117,2,151,0.421,5,33,35,0,6,1,최원준,23,0.387096774,0.808096774,2.0,0.00557
2020,66614,103,182,157,0.178,28,3,41,0.261,0,13,40,0,1,1,김규성,23,0.245614035,0.506614035,4.0,0.02548
2020,66657,32,27,22,0.227,5,0,6,0.273,0,5,9,0,0,1,이진영,22,0.37037037,0.64337037,0.0,0.0
2020,66702,37,39,38,0.105,4,0,4,0.105,0,0,14,0,1,0,이동훈,23,0.128205128,0.233205128,,
2020,66706,19,37,32,0.156,5,0,7,0.219,0,5,6,0,0,0,장진혁,26,0.27027027,0.48927027,0.0,0.0
2020,66707,38,47,46,0.217,10,0,13,0.283,0,0,16,0,1,1,박상언,23,0.234042553,0.517042553,,
2020,66838,115,451,413,0.312,129,20,210,0.508,4,29,79,0,4,14,김동엽,29,0.36,0.868,14.0,0.0339
2020,66917,56,72,64,0.297,19,0,25,0.391,1,4,11,0,1,0,김찬형,22,0.342857143,0.733857143,0.0,0.0
2020,66928,32,51,46,0.152,7,0,11,0.239,0,2,17,0,3,2,박준영,22,0.235294118,0.474294118,1.0,0.02174
2020,67025,142,628,550,0.349,192,47,374,0.68,8,65,132,5,5,11,로하스,30,0.417197452,1.097197452,41.0,0.07455
2020,67207,101,108,89,0.258,23,0,27,0.303,1,14,25,0,2,2,이유찬,21,0.367924528,0.670924528,,
2020,67304,142,553,499,0.285,142,7,199,0.399,4,46,94,0,2,6,김혜성,21,0.344827586,0.743827586,11.0,0.02204
2020,67341,140,617,544,0.333,181,15,285,0.524,8,59,47,6,4,16,이정후,21,0.396747967,0.920747967,21.0,0.0386
2020,67872,139,586,485,0.282,137,32,265,0.546,4,91,116,5,6,5,로맥,34,0.399317406,0.945317406,29.0,0.05979
2020,67893,41,112,99,0.242,24,2,32,0.323,0,11,21,0,1,1,박성한,22,0.324324324,0.647324324,1.0,0.0101
2020,68050,129,574,500,0.33,165,23,272,0.544,3,66,93,9,5,7,강백호,20,0.411149826,0.955149826,23.0,0.046
2020,68106,16,22,20,0.05,1,0,1,0.05,0,2,11,0,0,0,이재원,20,0.136363636,0.186363636,,
2020,68204,55,57,50,0.26,13,0,15,0.3,2,3,15,0,0,0,권민석,21,0.290909091,0.590909091,,
2020,68305,35,64,62,0.274,17,1,25,0.403,1,1,20,0,0,2,변상권,23,0.28125,0.68425,1.0,0.01613
2020,68362,13,28,24,0.125,3,0,3,0.125,0,4,8,0,0,0,추재현,21,0.25,0.375,0.0,0.0
2020,68518,85,152,133,0.15,20,0,22,0.165,1,11,32,0,1,7,정보근,20,0.219178082,0.384178082,1.0,0.00752
2020,68525,135,531,461,0.278,128,17,201,0.436,3,57,97,0,5,15,한동희,21,0.36121673,0.79721673,11.0,0.02386
2020,68730,34,134,124,0.194,24,4,40,0.323,0,9,34,0,1,4,호잉,31,0.253731343,0.576731343,2.0,0.01613
2020,68743,79,303,254,0.248,63,3,85,0.335,1,41,41,0,5,4,정은원,20,0.362126246,0.697126246,1.0,0.00394
2020,68868,66,207,182,0.236,43,3,56,0.308,1,19,28,0,0,3,최준우,21,0.306930693,0.614930693,,
2020,68912,44,82,72,0.306,22,3,32,0.444,0,10,21,0,0,1,김형준,20,0.390243902,0.834243902,3.0,0.04167
2020,69100,125,98,86,0.163,14,1,19,0.221,0,7,18,0,2,2,구본혁,23,0.242105263,0.463105263,1.0,0.01163
2020,69209,144,668,586,0.34,199,21,291,0.497,11,58,42,1,13,26,페르난데스,32,0.404191617,0.901191617,20.0,0.03413
2020,69306,39,50,43,0.233,10,1,16,0.372,0,4,10,0,2,0,김주형,24,0.326530612,0.698530612,1.0,0.02326
2020,69403,7,24,23,0.13,3,0,3,0.13,0,1,5,0,0,1,양우현,20,0.166666667,0.296666667,,
2020,69418,91,196,182,0.258,47,1,61,0.335,0,7,32,0,3,4,박승규,19,0.296875,0.631875,1.0,0.00549
2020,69442,34,49,41,0.22,9,0,11,0.268,2,5,16,0,0,0,김도환,20,0.291666667,0.559666667,0.0,0.0
2020,69453,64,243,206,0.228,47,4,70,0.34,5,26,58,1,2,3,이학주,29,0.313807531,0.653807531,2.0,0.00971
2020,69636,59,73,67,0.239,16,4,28,0.418,0,3,26,0,3,2,오선우,23,0.301369863,0.719369863,4.0,0.0597
2020,69652,142,631,542,0.306,166,32,302,0.557,4,76,67,3,9,12,터커,30,0.3977813,0.9547813,22.0,0.04059
2020,69705,25,52,50,0.22,11,0,15,0.3,0,0,22,0,2,0,조한민,19,0.25,0.55,1.0,0.02
2020,69737,106,387,346,0.22,76,12,134,0.387,1,33,116,1,6,8,노시환,19,0.297927461,0.684927461,16.0,0.04624
2020,69766,30,46,42,0.167,7,0,8,0.19,0,4,18,0,0,0,유장혁,20,0.239130435,0.429130435,0.0,0.0
2020,69804,16,24,23,0.13,3,0,4,0.174,0,1,8,0,0,2,채현우,24,0.166666667,0.340666667,,
2020,69825,35,90,78,0.192,15,0,21,0.269,1,11,16,0,0,2,김창평,20,0.288888889,0.557888889,,
2020,69992,49,48,40,0.275,11,0,16,0.4,0,7,13,0,0,1,최정원,20,0.382978723,0.782978723,,
2020,70410,7,18,18,0.333,6,1,9,0.5,0,0,2,0,0,2,김주찬,39,0.333333333,0.833333333,0.0,0.0
2020,71184,72,88,77,0.234,18,3,28,0.364,0,6,14,0,0,3,이성우,38,0.289156627,0.653156627,1.0,0.01299
2020,71564,144,611,542,0.292,158,20,245,0.452,11,53,68,9,5,21,이대호,38,0.353518822,0.805518822,19.0,0.03506
2020,71752,67,254,219,0.219,48,2,65,0.297,2,30,42,3,2,8,김태균,38,0.316205534,0.613205534,1.0,0.00457
2020,71837,122,327,289,0.253,73,12,122,0.422,2,27,62,2,4,10,김강민,37,0.322981366,0.744981366,11.0,0.03806
2020,71842,42,92,86,0.163,14,0,20,0.233,1,2,29,0,0,4,정상호,37,0.179775281,0.412775281,1.0,0.01163
2020,72133,97,236,217,0.3,65,2,86,0.396,4,15,34,1,0,7,박용택,41,0.338983051,0.734983051,4.0,0.01843
2020,72443,140,600,522,0.354,185,28,308,0.59,3,70,101,5,5,9,최형우,36,0.433333333,1.023333333,28.0,0.05364
2020,73113,119,391,324,0.281,91,13,147,0.454,7,48,96,2,9,14,박경수,36,0.381443299,0.835443299,14.0,0.04321
2020,73136,79,248,227,0.203,46,8,75,0.33,0,16,69,0,5,4,이성열,35,0.27016129,0.60016129,9.0,0.03965
2020,73209,64,222,204,0.279,57,6,80,0.392,1,12,44,0,1,6,나주환,36,0.321100917,0.713100917,1.0,0.0049
2020,73306,87,142,121,0.207,25,1,36,0.298,2,15,33,0,2,4,지석훈,36,0.3,0.598,1.0,0.00826
2020,73342,20,64,57,0.193,11,0,16,0.281,0,7,21,0,0,1,이택근,40,0.28125,0.56225,0.0,0.0
2020,74163,120,487,419,0.286,120,1,141,0.337,1,59,36,0,6,9,이용규,34,0.381443299,0.718443299,,
2020,74206,120,458,402,0.289,116,2,139,0.346,5,45,45,1,4,17,김재호,35,0.361842105,0.707842105,7.0,0.01741
2020,74215,34,76,73,0.192,14,3,25,0.342,1,2,12,0,0,3,윤석민,34,0.210526316,0.552526316,2.0,0.0274
2020,74339,119,428,386,0.28,108,11,158,0.409,1,40,51,2,0,9,유한준,39,0.346604215,0.755604215,8.0,0.02073
2020,74465,123,448,356,0.306,109,14,166,0.466,4,75,62,2,10,11,박석민,35,0.435955056,0.901955056,11.0,0.0309
2020,74540,119,393,355,0.287,102,19,173,0.487,3,31,54,2,4,17,강민호,34,0.348600509,0.835600509,11.0,0.03099
2020,74729,84,240,214,0.234,50,8,79,0.369,3,18,59,0,5,11,최진행,34,0.304166667,0.673166667,9.0,0.04206
2020,75125,93,383,309,0.223,69,21,139,0.45,8,57,114,2,9,8,박병호,34,0.352480418,0.802480418,19.0,0.06149
2020,75151,76,203,187,0.241,45,1,55,0.294,3,12,38,1,1,7,정의윤,33,0.285714286,0.579714286,0.0,0.0
2020,75334,127,534,471,0.312,147,16,227,0.482,2,61,92,1,0,12,오재일,33,0.389513109,0.871513109,20.0,0.04246
2020,75566,121,467,403,0.268,108,13,164,0.407,12,49,82,1,2,7,이원석,33,0.341201717,0.748201717,4.0,0.00993
2020,75808,72,177,154,0.24,37,1,44,0.286,1,17,23,1,2,4,정근우,37,0.32183908,0.60783908,3.0,0.01948
2020,75847,133,553,452,0.27,122,33,243,0.538,6,75,98,1,20,7,최정,33,0.392405063,0.930405063,26.0,0.05752
2020,76100,53,194,164,0.274,45,9,76,0.463,1,28,55,0,1,5,이병규,36,0.381443299,0.844443299,6.0,0.03659
2020,76232,130,528,461,0.328,151,33,278,0.603,6,46,47,7,14,11,양의지,33,0.400379507,1.003379507,22.0,0.04772
2020,76249,109,342,309,0.233,72,2,90,0.291,2,21,62,1,5,12,민병헌,33,0.290801187,0.581801187,7.0,0.02265
2020,76267,140,574,509,0.306,156,16,241,0.473,10,47,66,5,7,7,최주환,32,0.366492147,0.839492147,16.0,0.03143
2020,76290,142,619,547,0.331,181,22,286,0.523,7,63,53,7,2,9,김현수,32,0.397415186,0.920415186,28.0,0.05119
2020,76313,134,600,541,0.312,169,21,277,0.512,4,47,98,0,5,12,황재균,32,0.370184255,0.882184255,20.0,0.03697
2020,76509,18,52,46,0.217,10,2,17,0.37,0,5,11,0,1,1,김문호,33,0.307692308,0.677692308,0.0,0.0
2020,76753,94,298,277,0.235,65,9,104,0.375,3,14,69,1,3,17,송광민,37,0.276094276,0.651094276,9.0,0.03249
2020,76802,133,392,343,0.271,93,2,110,0.321,3,30,27,0,5,10,김성현,33,0.335958005,0.656958005,0.0,0.0
2020,76812,80,251,222,0.185,41,2,55,0.248,1,19,24,3,6,12,이재원,32,0.266129032,0.514129032,1.0,0.0045
2020,76849,136,540,477,0.306,146,2,176,0.369,4,50,78,0,4,6,이명기,32,0.373831776,0.742831776,2.0,0.00419
2020,77243,52,62,53,0.264,14,0,15,0.283,0,6,15,0,2,2,허도환,35,0.360655738,0.643655738,0.0,0.0
2020,77248,85,174,155,0.232,36,5,60,0.387,2,16,49,0,0,3,오재원,35,0.300578035,0.687578035,6.0,0.03871
2020,77463,71,189,160,0.281,45,7,71,0.444,0,29,33,2,0,4,채태인,37,0.391534392,0.835534392,4.0,0.025
2020,77532,141,611,540,0.352,190,11,266,0.493,7,61,56,4,2,9,손아섭,32,0.414754098,0.907754098,12.0,0.02222
2020,77564,87,333,297,0.266,79,5,114,0.384,4,24,66,2,4,8,김민성,31,0.325227964,0.709227964,7.0,0.02357
2020,78122,80,131,113,0.292,33,1,42,0.372,1,6,14,0,4,3,김태군,30,0.346774194,0.718774194,0.0,0.0
2020,78135,81,323,287,0.296,85,17,157,0.547,2,27,61,1,7,7,이형종,31,0.368421053,0.915421053,12.0,0.04181
2020,78168,135,595,484,0.277,134,5,187,0.386,10,91,58,1,5,8,서건창,30,0.389830508,0.775830508,7.0,0.01446
2020,78217,101,75,70,0.271,19,1,25,0.357,1,3,15,0,0,2,김용의,34,0.297297297,0.654297297,1.0,0.01429
2020,78224,140,614,516,0.266,137,30,255,0.494,6,91,154,3,1,14,김재환,31,0.372964169,0.866964169,43.0,0.08333
2020,78288,126,389,339,0.301,102,3,130,0.383,0,29,44,0,16,7,최재훈,30,0.3828125,0.7658125,3.0,0.00885
2020,78513,143,628,562,0.279,157,26,271,0.482,3,52,79,0,8,21,전준우,34,0.3472,0.8292,21.0,0.03737
2020,78548,130,455,400,0.278,111,13,165,0.413,6,38,64,0,1,15,장성우,30,0.337078652,0.750078652,10.0,0.025
2020,78603,85,351,303,0.33,100,1,122,0.403,5,40,43,0,2,12,김선빈,30,0.405714286,0.808714286,3.0,0.0099
2020,78629,137,556,468,0.291,136,17,208,0.444,6,64,114,1,18,6,나지완,35,0.392086331,0.836086331,17.0,0.03632
2020,78643,52,107,91,0.22,20,5,39,0.429,0,15,29,0,0,2,백용환,31,0.330188679,0.759188679,4.0,0.04396
2020,78756,93,222,197,0.234,46,2,56,0.284,0,16,39,0,3,10,오선진,31,0.300925926,0.584925926,2.0,0.01015
2020,78813,62,149,136,0.301,41,2,61,0.449,2,8,22,1,1,5,모창민,35,0.340136054,0.789136054,5.0,0.03676
2020,79109,141,591,527,0.3,158,10,243,0.461,5,45,116,1,9,4,오지환,30,0.361774744,0.822774744,18.0,0.03416
2020,79150,134,371,328,0.247,81,4,111,0.338,2,29,63,0,3,6,정주현,29,0.312154696,0.650154696,6.0,0.01829
2020,79192,109,464,416,0.293,122,15,188,0.452,7,32,69,1,9,12,채은성,30,0.351293103,0.803293103,16.0,0.03846
2020,79215,129,551,487,0.304,148,14,230,0.472,7,42,65,2,12,9,박건우,29,0.368613139,0.840613139,24.0,0.04928
2020,79231,141,559,490,0.298,146,5,194,0.396,5,55,56,3,2,10,정수빈,29,0.367753623,0.763753623,8.0,0.01633
2020,79240,117,487,437,0.332,145,7,193,0.442,7,35,28,2,5,10,허경민,29,0.382231405,0.824231405,2.0,0.00458
2020,79290,46,94,86,0.233,20,3,30,0.349,1,6,21,2,1,2,국해성,30,0.287234043,0.636234043,3.0,0.03488
2020,79334,11,37,31,0.129,4,0,4,0.129,1,4,7,0,1,3,장영석,30,0.243243243,0.372243243,0.0,0.0
2020,79365,112,372,324,0.25,81,12,138,0.426,2,38,68,0,6,10,박동원,30,0.337837838,0.763837838,13.0,0.04012
2020,79402,120,471,404,0.304,123,5,162,0.401,2,55,55,1,8,16,김상수,30,0.396588486,0.797588486,5.0,0.01238
2020,79456,101,289,262,0.309,81,0,95,0.363,1,19,28,1,4,8,이지영,34,0.363636364,0.726636364,0.0,0.0
2020,79608,124,460,412,0.286,118,8,170,0.413,2,35,47,2,7,11,안치홍,30,0.350877193,0.763877193,3.0,0.00728
2020,79705,15,25,18,0.167,3,0,4,0.222,1,3,6,0,1,2,김회성,34,0.304347826,0.526347826,0.0,0.0
2021,50054,25,28,25,0.2,5,0,5,0.2,0,1,5,0,2,0,천성호,23,0.285714286,0.485714286,1.0,0.04
2021,50165,51,205,185,0.243,45,8,78,0.422,0,18,43,0,2,2,라모스,26,0.317073171,0.739073171,11.0,0.05946
2021,50167,14,19,16,0.125,2,0,2,0.125,0,1,7,0,1,0,이주형,20,0.222222222,0.347222222,,
2021,50202,33,24,20,0.1,2,0,2,0.1,0,2,2,0,0,0,안권수,28,0.181818182,0.281818182,0.0,0.0
2021,50357,22,56,47,0.106,5,0,7,0.149,0,9,21,0,0,1,박주홍,20,0.25,0.399,1.0,0.02128
2021,50458,68,196,172,0.267,46,1,54,0.314,3,13,21,0,0,0,김지찬,20,0.313829787,0.627829787,,
2021,50506,68,274,231,0.277,64,4,90,0.39,5,37,34,1,1,5,마차도,29,0.372262774,0.762262774,3.0,0.01299
2021,50657,12,21,20,0.2,4,0,4,0.2,0,1,4,0,0,0,박민,20,0.238095238,0.438095238,,
2021,50704,31,115,103,0.155,16,1,24,0.233,0,9,41,0,1,1,임종찬,19,0.230088496,0.463088496,2.0,0.01942
2021,50707,9,24,22,0.182,4,2,10,0.455,1,1,5,0,0,0,최인호,21,0.208333333,0.663333333,3.0,0.13636
2021,50709,33,120,107,0.196,21,0,25,0.234,1,9,32,0,0,1,박정현,19,0.256410256,0.490410256,,
2021,50854,72,290,240,0.263,63,4,89,0.371,3,38,34,0,5,4,최지훈,23,0.370629371,0.741629371,3.0,0.0125
2021,50923,73,291,257,0.28,72,18,137,0.533,3,24,81,1,7,3,알테어,30,0.35395189,0.88695189,15.0,0.05837
2021,51003,44,66,50,0.24,12,1,19,0.38,0,15,22,0,0,0,권동진,22,0.415384615,0.795384615,,
2021,51004,60,250,225,0.271,61,7,91,0.404,2,22,50,0,1,9,알몬테,32,0.336,0.74,9.0,0.04
2021,51005,11,39,33,0.212,7,0,8,0.242,0,6,6,1,0,0,김건형,24,0.333333333,0.575333333,,
2021,51100,27,38,35,0.343,12,1,16,0.457,0,2,10,0,0,0,이영빈,19,0.378378378,0.835378378,1.0,0.02857
2021,51203,52,144,131,0.275,36,2,52,0.397,3,7,35,0,3,3,안재석,19,0.319444444,0.716444444,1.0,0.00763
2021,51324,43,148,139,0.259,36,2,52,0.374,1,7,29,0,1,7,프레이타스,32,0.297297297,0.671297297,4.0,0.02878
2021,51344,18,60,42,0.167,7,1,11,0.262,1,12,17,0,2,0,김휘집,19,0.368421053,0.630421053,1.0,0.02381
2021,51463,80,361,324,0.312,101,20,177,0.546,2,30,45,1,5,3,피렐라,31,0.376731302,0.922731302,11.0,0.03395
2021,51551,23,75,66,0.227,15,1,20,0.303,1,8,21,0,0,0,나승엽,19,0.306666667,0.609666667,2.0,0.0303
2021,51706,9,27,21,0.143,3,0,3,0.143,0,3,10,0,1,1,장지승,23,0.28,0.423,,
2021,51725,67,268,249,0.257,64,7,98,0.394,1,16,58,0,2,6,힐리,29,0.305970149,0.699970149,4.0,0.01606
2021,51817,75,319,251,0.255,64,13,114,0.454,3,56,69,1,9,6,추신수,38,0.404388715,0.858388715,12.0,0.04781
2021,60343,14,44,39,0.231,9,0,12,0.308,1,1,9,0,1,0,이해창,34,0.261904762,0.569904762,1.0,0.02564
2021,60523,71,316,279,0.333,93,9,136,0.487,1,34,45,2,1,3,정훈,33,0.406349206,0.893349206,4.0,0.01434
2021,60558,67,127,119,0.252,30,4,46,0.387,0,8,32,0,0,3,오태곤,29,0.299212598,0.686212598,4.0,0.03361
2021,61102,69,247,221,0.253,56,5,81,0.367,2,16,36,0,7,7,유강남,28,0.321138211,0.688138211,6.0,0.02715
2021,61186,59,195,167,0.216,36,2,49,0.293,1,23,22,0,3,10,이천웅,32,0.319587629,0.612587629,3.0,0.01796
2021,61197,23,38,36,0.333,12,1,18,0.5,0,1,7,0,1,0,최영진,33,0.368421053,0.868421053,0.0,0.0
2021,61208,47,167,145,0.228,33,0,42,0.29,2,15,22,1,1,5,정진호,32,0.300613497,0.590613497,1.0,0.0069
2021,61353,44,104,94,0.255,24,0,27,0.287,2,8,15,0,0,3,고종욱,32,0.307692308,0.594692308,2.0,0.02128
2021,61404,67,190,167,0.305,51,3,68,0.407,1,17,19,0,4,6,김헌곤,32,0.380952381,0.787952381,3.0,0.01796
2021,61554,42,134,108,0.213,23,1,32,0.296,2,16,35,0,8,3,김민하,32,0.350746269,0.646746269,1.0,0.00926
2021,61700,12,26,22,0.136,3,0,3,0.136,0,4,10,0,0,0,강경학,28,0.269230769,0.405230769,0.0,0.0
2021,61743,16,31,29,0.207,6,1,10,0.345,0,2,9,0,0,1,오준혁,29,0.258064516,0.603064516,1.0,0.03448
2021,61869,28,76,71,0.197,14,2,23,0.324,0,3,16,0,0,0,정진기,28,0.22972973,0.55372973,0.0,0.0
2021,62025,31,69,65,0.231,15,0,17,0.262,1,1,11,0,1,1,이원재,32,0.25,0.512,1.0,0.01538
2021,62234,37,130,112,0.259,29,0,32,0.286,2,11,16,0,4,3,류지혁,27,0.341085271,0.627085271,0.0,0.0
2021,62244,33,105,87,0.241,21,0,25,0.287,1,12,14,0,4,2,박세혁,31,0.355769231,0.642769231,1.0,0.01149
2021,62265,8,25,21,0.143,3,0,4,0.19,0,3,5,0,1,1,유민상,32,0.28,0.47,0.0,0.0
2021,62332,15,21,20,0.15,3,0,5,0.25,0,1,4,0,0,0,김재현,28,0.19047619,0.44047619,0.0,0.0
2021,62404,76,336,296,0.28,83,11,139,0.47,7,30,55,2,2,6,구자욱,28,0.343283582,0.813283582,9.0,0.03041
2021,62415,77,327,275,0.302,83,4,111,0.404,4,38,46,2,2,0,박해민,31,0.385579937,0.789579937,4.0,0.01455
2021,62556,41,108,90,0.2,18,0,22,0.244,0,13,25,0,2,2,신본기,32,0.314285714,0.558285714,1.0,0.01111
2021,62558,47,131,111,0.207,23,4,40,0.36,2,17,35,0,1,2,김준태,26,0.312977099,0.672977099,4.0,0.03604
2021,62700,75,324,287,0.282,81,4,116,0.404,0,31,74,0,5,3,하주석,27,0.362229102,0.766229102,4.0,0.01394
2021,62864,51,154,123,0.228,28,2,40,0.325,1,29,29,1,0,2,김민식,32,0.37254902,0.69754902,0.0,0.0
2021,62884,5,17,16,0.25,4,0,6,0.375,0,0,4,0,0,1,최항,27,0.25,0.625,0.0,0.0
2021,62895,73,284,238,0.261,62,13,113,0.475,4,32,60,2,9,5,한유섬,31,0.363957597,0.838957597,7.0,0.02941
2021,62907,50,215,180,0.261,47,1,61,0.339,2,22,23,0,7,4,박민우,28,0.360189573,0.699189573,0.0,0.0
2021,62908,6,19,17,0.176,3,0,3,0.176,0,1,3,0,1,1,황윤호,27,0.263157895,0.439157895,0.0,0.0
2021,62925,55,209,183,0.262,48,4,72,0.393,1,18,33,1,6,8,강진성,27,0.346153846,0.739153846,2.0,0.01093
2021,62931,66,245,207,0.324,67,6,97,0.469,2,30,58,0,3,2,노진혁,31,0.41322314,0.88222314,4.0,0.01932
2021,62947,74,338,303,0.29,88,17,157,0.518,2,23,68,2,10,4,나성범,31,0.357988166,0.875988166,21.0,0.06931
2021,63123,47,167,150,0.227,34,2,47,0.313,0,11,36,1,2,3,강승호,27,0.288343558,0.601343558,1.0,0.00667
2021,63202,54,149,128,0.234,30,2,41,0.32,0,13,36,0,4,0,장승현,27,0.324137931,0.644137931,1.0,0.00781
2021,63257,70,251,200,0.275,55,5,82,0.41,2,44,36,0,1,7,김인태,27,0.4048583,0.8148583,3.0,0.015
2021,63260,31,46,39,0.179,7,0,8,0.205,0,6,9,0,0,0,이우성,26,0.288888889,0.493888889,1.0,0.02564
2021,63440,52,107,92,0.25,23,2,31,0.337,0,10,24,0,3,2,이흥련,32,0.342857143,0.679857143,1.0,0.01087
2021,63450,36,86,68,0.279,19,0,25,0.368,0,9,15,0,4,2,정현,27,0.395061728,0.763061728,0.0,0.0
2021,63634,30,55,52,0.154,8,1,11,0.212,1,2,27,1,0,3,이홍구,30,0.181818182,0.393818182,1.0,0.01923
2021,63700,49,169,144,0.278,40,0,48,0.333,2,17,40,0,3,3,장운호,27,0.361445783,0.694445783,0.0,0.0
2021,63704,35,119,104,0.183,19,1,25,0.24,0,12,34,0,1,1,노수광,30,0.273504274,0.513504274,0.0,0.0
2021,63722,45,128,108,0.222,24,1,31,0.287,0,15,31,0,1,2,한승택,27,0.322580645,0.609580645,1.0,0.00926
2021,63905,10,26,25,0.4,10,3,19,0.76,0,1,6,0,0,0,윤형준,27,0.423076923,1.183076923,1.0,0.04
2021,63963,55,171,133,0.263,35,8,62,0.466,3,29,24,1,5,4,권희동,30,0.405882353,0.871882353,8.0,0.06015
2021,64004,38,95,81,0.284,23,0,27,0.333,0,12,17,0,1,1,김민혁,25,0.382978723,0.715978723,1.0,0.01235
2021,64006,74,243,218,0.271,59,4,88,0.404,3,16,38,0,3,0,심우준,26,0.325,0.729,1.0,0.00459
2021,64007,42,85,78,0.231,18,2,30,0.385,0,5,27,0,2,1,문상철,30,0.294117647,0.679117647,2.0,0.02564
2021,64012,65,45,35,0.171,6,0,6,0.171,0,10,16,0,0,0,송민섭,29,0.355555556,0.526555556,,
2021,64014,33,69,51,0.294,15,5,33,0.647,0,13,15,0,3,0,김병희,30,0.462686567,1.109686567,1.0,0.01961
2021,64101,16,26,21,0.286,6,0,10,0.476,1,3,7,0,1,1,한석현,27,0.384615385,0.860615385,,
2021,64153,74,311,279,0.28,78,16,139,0.498,3,27,73,0,2,7,양석환,29,0.344051447,0.842051447,13.0,0.04659
2021,64166,75,316,270,0.278,75,5,107,0.396,3,37,62,1,4,5,배정대,26,0.369426752,0.765426752,4.0,0.01481
2021,64213,42,71,61,0.311,19,0,22,0.361,1,8,12,0,1,0,최용제,29,0.394366197,0.755366197,1.0,0.01639
2021,64266,7,22,19,0.211,4,0,5,0.263,0,2,8,0,1,0,이성곤,29,0.318181818,0.581181818,0.0,0.0
2021,64340,11,19,16,0.188,3,0,3,0.188,0,2,8,0,1,0,임지열,25,0.315789474,0.503789474,0.0,0.0
2021,64407,50,57,47,0.213,10,0,11,0.234,0,6,8,0,2,0,김호재,26,0.327272727,0.561272727,,
2021,64468,49,123,109,0.266,29,2,41,0.376,0,10,27,0,3,2,박계범,25,0.344262295,0.720262295,2.0,0.01835
2021,64469,19,55,51,0.235,12,2,20,0.392,0,3,13,0,1,1,송준석,27,0.290909091,0.682909091,1.0,0.01961
2021,64501,43,73,62,0.226,14,1,19,0.306,0,10,27,0,0,1,배성근,26,0.333333333,0.639333333,,
2021,64504,33,76,69,0.232,16,2,29,0.42,0,7,21,1,0,2,오윤석,29,0.302631579,0.722631579,2.0,0.02899
2021,64560,54,171,144,0.229,33,0,41,0.285,3,21,29,0,1,6,이창진,30,0.325443787,0.610443787,3.0,0.02083
2021,64610,73,183,158,0.253,40,0,43,0.272,2,20,42,0,0,4,강한울,29,0.333333333,0.605333333,0.0,0.0
2021,64646,63,242,211,0.251,53,1,69,0.327,3,24,39,0,0,3,박찬호,26,0.323529412,0.650529412,2.0,0.00948
2021,64657,15,33,24,0.125,3,0,6,0.25,0,7,7,0,2,0,박준태,29,0.363636364,0.613636364,0.0,0.0
2021,64717,41,114,102,0.216,22,4,39,0.382,0,9,33,0,3,4,지시완,27,0.298245614,0.680245614,2.0,0.01961
2021,64793,32,68,59,0.288,17,3,30,0.508,1,5,8,0,1,2,김민수,30,0.348484848,0.856484848,2.0,0.0339
2021,64868,74,302,243,0.255,62,0,71,0.292,3,52,40,0,2,4,조용호,31,0.386666667,0.678666667,,
2021,64906,16,50,45,0.244,11,0,13,0.289,0,3,6,0,0,1,강민국,29,0.291666667,0.580666667,,
2021,64984,53,230,210,0.305,64,0,75,0.357,1,15,31,1,0,3,김태진,25,0.349557522,0.706557522,2.0,0.00952
2021,65040,25,67,63,0.206,13,1,20,0.317,0,2,14,0,1,0,김태훈,25,0.242424242,0.559424242,1.0,0.01587
2021,65132,37,56,51,0.118,6,1,12,0.235,0,4,11,0,1,1,김재성,24,0.196428571,0.431428571,2.0,0.03922
2021,65207,24,22,18,0.167,3,0,3,0.167,0,4,3,0,0,0,신민재,25,0.318181818,0.485181818,,
2021,65304,6,18,18,0.278,5,0,8,0.444,0,0,6,0,0,0,김은성,28,0.277777778,0.721777778,,
2021,65362,69,282,250,0.296,74,3,104,0.416,1,28,49,1,2,4,송우현,24,0.370106762,0.786106762,6.0,0.024
2021,65399,24,41,36,0.139,5,0,5,0.139,0,5,7,0,0,1,허정협,31,0.243902439,0.382902439,1.0,0.02778
2021,65506,41,72,66,0.348,23,1,29,0.439,0,5,10,0,1,1,김재유,28,0.402777778,0.841777778,0.0,0.0
2021,65514,19,31,26,0.077,2,1,6,0.231,1,4,10,0,0,1,강태율,24,0.193548387,0.424548387,1.0,0.03846
2021,65515,21,35,33,0.121,4,2,10,0.303,0,2,18,0,0,0,강로한,29,0.171428571,0.474428571,0.0,0.0
2021,65586,69,179,148,0.196,29,4,48,0.324,0,24,57,0,4,0,전병우,28,0.323863636,0.647863636,3.0,0.02027
2021,65610,34,126,117,0.239,28,4,44,0.376,3,5,26,0,0,2,황대인,25,0.264,0.64,4.0,0.03419
2021,65653,36,102,82,0.256,21,4,35,0.427,0,13,26,0,5,1,김호령,29,0.39,0.817,3.0,0.03659
2021,65703,14,22,20,0.2,4,0,4,0.2,0,1,7,0,0,0,이도윤,24,0.238095238,0.438095238,,
2021,65898,55,195,162,0.247,40,4,62,0.383,2,24,51,1,6,1,김웅빈,25,0.360824742,0.743824742,6.0,0.03704
2021,66108,75,341,269,0.338,91,3,118,0.439,1,61,44,2,10,4,홍창기,27,0.475073314,0.914073314,6.0,0.0223
2021,66209,56,68,55,0.273,15,0,18,0.327,0,12,17,0,1,0,조수행,27,0.411764706,0.738764706,,
2021,66606,73,345,305,0.302,92,1,119,0.39,3,29,35,0,5,1,최원준,24,0.368421053,0.758421053,1.0,0.00328
2021,66614,35,30,25,0.12,3,0,4,0.16,0,5,11,0,0,0,김규성,24,0.266666667,0.426666667,0.0,0.0
2021,66657,13,42,35,0.229,8,2,18,0.514,0,3,19,0,4,0,이진영,23,0.357142857,0.871142857,1.0,0.02857
2021,66702,9,22,19,0.211,4,0,5,0.263,0,1,3,0,0,1,이동훈,24,0.25,0.513,,
2021,66710,19,34,28,0.107,3,0,3,0.107,0,5,7,0,0,0,강상원,24,0.242424242,0.349424242,,
2021,66838,33,99,86,0.209,18,1,25,0.291,4,7,23,0,2,1,김동엽,30,0.272727273,0.563727273,1.0,0.01163
2021,66917,47,88,75,0.213,16,1,23,0.307,0,7,18,0,2,1,김찬형,23,0.297619048,0.604619048,1.0,0.01333
2021,66928,53,135,119,0.218,26,6,48,0.403,2,11,43,0,2,5,박준영,23,0.291044776,0.694044776,4.0,0.03361
2021,66965,25,43,41,0.146,6,1,9,0.22,0,1,8,0,1,2,도태훈,28,0.186046512,0.406046512,0.0,0.0
2021,67304,80,366,323,0.294,95,3,119,0.368,5,38,60,1,0,3,김혜성,22,0.363387978,0.731387978,4.0,0.01238
2021,67341,79,356,296,0.345,102,3,149,0.503,5,51,22,1,4,7,이정후,22,0.441011236,0.944011236,5.0,0.01689
2021,67504,45,149,133,0.248,33,2,48,0.361,1,13,39,0,0,3,김민수,23,0.31292517,0.67392517,2.0,0.01504
2021,67644,37,147,125,0.248,31,2,42,0.336,0,19,33,0,3,3,이정훈,26,0.360544218,0.696544218,3.0,0.024
2021,67872,78,336,279,0.24,67,18,128,0.459,3,52,60,1,2,7,로맥,35,0.360119048,0.819119048,13.0,0.04659
2021,67893,72,217,188,0.277,52,1,67,0.356,0,21,33,0,1,1,박성한,23,0.352380952,0.708380952,0.0,0.0
2021,68050,75,329,271,0.395,107,10,157,0.579,3,55,45,7,0,4,강백호,21,0.492401216,1.071401216,5.0,0.01845
2021,68305,21,29,26,0.192,5,0,6,0.231,2,1,7,0,0,0,변상권,24,0.206896552,0.437896552,0.0,0.0
2021,68346,13,44,41,0.22,9,2,17,0.415,1,2,17,0,0,2,김수환,23,0.25,0.665,1.0,0.02439
2021,68362,47,157,136,0.294,40,4,61,0.449,0,17,28,0,2,3,추재현,22,0.380645161,0.829645161,5.0,0.03676
2021,68507,16,30,28,0.214,6,0,8,0.286,0,2,9,0,0,0,장두성,21,0.266666667,0.552666667,,
2021,68518,10,18,17,0.294,5,0,5,0.294,0,1,2,0,0,1,정보근,21,0.333333333,0.627333333,0.0,0.0
2021,68525,63,259,221,0.24,53,10,92,0.416,0,35,57,1,2,13,한동희,22,0.348837209,0.764837209,13.0,0.05882
2021,68743,79,348,281,0.302,85,4,121,0.431,0,65,57,1,0,6,정은원,21,0.433526012,0.864526012,4.0,0.01423
2021,69100,62,26,23,0.13,3,0,5,0.217,1,1,6,0,1,0,구본혁,24,0.192307692,0.409307692,0.0,0.0
2021,69102,46,167,137,0.27,37,7,67,0.489,2,27,30,0,0,4,문보경,20,0.385542169,0.874542169,6.0,0.0438
2021,69209,71,319,272,0.331,90,10,130,0.478,5,39,19,2,3,12,페르난데스,33,0.413793103,0.891793103,6.0,0.02206
2021,69418,24,24,21,0.143,3,1,6,0.286,0,2,2,0,1,1,박승규,20,0.25,0.536,0.0,0.0
2021,69453,39,114,102,0.265,27,3,43,0.422,0,10,37,0,1,2,이학주,30,0.336283186,0.758283186,2.0,0.01961
2021,69508,23,47,41,0.244,10,1,15,0.366,1,3,4,0,2,2,신용수,25,0.319148936,0.685148936,,
2021,69652,66,297,256,0.246,63,5,93,0.363,1,36,34,1,4,8,터커,31,0.346801347,0.709801347,7.0,0.02734
2021,69705,30,96,84,0.238,20,4,41,0.488,2,8,34,0,2,3,조한민,20,0.3125,0.8005,1.0,0.0119
2021,69706,22,69,56,0.161,9,0,9,0.161,2,10,19,0,1,1,허관회,22,0.289855072,0.450855072,,
2021,69737,76,321,274,0.263,72,13,121,0.442,2,45,82,5,0,10,노시환,20,0.364485981,0.806485981,12.0,0.0438
2021,69766,34,112,98,0.143,14,1,22,0.224,2,8,39,0,2,2,유장혁,21,0.218181818,0.442181818,1.0,0.0102
2021,69992,8,21,19,0.158,3,0,3,0.158,0,0,1,0,0,0,최정원,21,0.157894737,0.315894737,,
2021,71564,51,218,196,0.291,57,10,91,0.464,2,19,22,2,1,7,이대호,39,0.353211009,0.817211009,4.0,0.02041
2021,71837,68,165,144,0.25,36,6,63,0.438,1,12,30,1,5,2,김강민,38,0.327160494,0.765160494,3.0,0.02083
2021,72443,40,180,148,0.203,30,6,50,0.338,0,29,28,5,3,7,최형우,37,0.344444444,0.682444444,6.0,0.04054
2021,73113,62,155,139,0.173,24,6,48,0.345,0,13,46,1,2,4,박경수,37,0.253246753,0.598246753,6.0,0.04317
2021,73136,45,138,117,0.205,24,1,35,0.299,2,18,36,0,1,2,이성열,36,0.311594203,0.610594203,1.0,0.00855
2021,73209,19,32,31,0.161,5,0,5,0.161,1,0,12,0,0,2,나주환,37,0.15625,0.31725,1.0,0.03226
2021,73306,28,43,34,0.147,5,0,6,0.176,1,6,12,0,2,0,지석훈,37,0.302325581,0.478325581,0.0,0.0
2021,74163,75,299,245,0.286,70,0,90,0.367,2,45,30,1,3,1,이용규,35,0.4,0.767,,
2021,74206,43,139,119,0.235,28,1,36,0.303,0,15,19,0,1,5,김재호,36,0.325925926,0.628925926,1.0,0.0084
2021,74339,52,150,123,0.301,37,1,48,0.39,1,22,12,4,4,5,유한준,40,0.42,0.81,1.0,0.00813
2021,74465,59,205,171,0.257,44,10,82,0.48,2,27,43,1,2,8,박석민,36,0.361386139,0.841386139,9.0,0.05263
2021,74540,70,270,241,0.324,78,11,122,0.506,4,23,31,3,2,7,강민호,35,0.381481481,0.887481481,6.0,0.0249
2021,75125,60,264,219,0.228,50,10,93,0.425,5,31,69,1,9,4,박병호,35,0.340909091,0.765909091,10.0,0.04566
2021,75151,51,158,146,0.226,33,7,56,0.384,1,11,34,1,0,5,정의윤,34,0.278481013,0.662481013,5.0,0.03425
2021,75334,59,239,210,0.276,58,12,106,0.505,3,26,58,4,0,3,오재일,34,0.351464435,0.856464435,7.0,0.03333
2021,75566,71,259,217,0.263,57,7,92,0.424,5,31,41,0,6,6,이원석,34,0.362934363,0.786934363,4.0,0.01843
2021,75847,74,305,241,0.299,72,20,144,0.598,5,45,54,0,14,3,최정,34,0.429508197,1.027508197,14.0,0.05809
2021,76100,29,43,34,0.235,8,0,8,0.235,0,8,14,0,1,2,이병규,37,0.395348837,0.630348837,0.0,0.0
2021,76232,73,302,250,0.348,87,20,166,0.664,4,42,30,3,6,5,양의지,34,0.447019868,1.111019868,8.0,0.032
2021,76249,10,41,36,0.167,6,0,9,0.25,0,4,10,0,0,1,민병헌,34,0.25,0.5,1.0,0.02778
2021,76267,60,236,205,0.254,52,10,90,0.439,1,23,40,2,7,3,최주환,33,0.347457627,0.786457627,11.0,0.05366
2021,76290,73,315,267,0.288,77,12,125,0.468,5,41,26,3,2,5,김현수,33,0.380952381,0.848952381,16.0,0.05993
2021,76313,48,207,184,0.315,58,7,87,0.473,0,22,35,0,1,5,황재균,33,0.391304348,0.864304348,3.0,0.0163
2021,76720,19,23,19,0.211,4,1,8,0.421,0,2,4,0,1,2,정범모,34,0.318181818,0.739181818,0.0,0.0
2021,76802,67,182,149,0.282,42,4,61,0.409,4,26,15,0,0,5,김성현,34,0.379888268,0.788888268,1.0,0.00671
2021,76812,72,216,192,0.297,57,3,79,0.411,0,20,30,2,2,6,이재원,33,0.369158879,0.780158879,5.0,0.02604
2021,76849,56,232,191,0.293,56,2,74,0.387,0,37,27,0,1,2,이명기,33,0.410480349,0.797480349,1.0,0.00524
2021,77243,25,55,44,0.25,11,2,18,0.409,0,4,7,0,1,2,허도환,36,0.326530612,0.735530612,0.0,0.0
2021,77248,40,75,68,0.176,12,0,15,0.221,1,6,18,0,0,3,오재원,36,0.24,0.461,0.0,0.0
2021,77532,75,342,302,0.315,95,1,112,0.371,0,38,38,2,1,7,손아섭,33,0.392961877,0.763961877,3.0,0.00993
2021,77564,71,264,221,0.199,44,5,70,0.317,3,29,41,1,5,5,김민성,32,0.302325581,0.619325581,6.0,0.02715
2021,78122,50,148,125,0.232,29,4,46,0.368,0,13,16,0,5,2,김태군,31,0.328671329,0.696671329,2.0,0.016
2021,78135,49,176,147,0.218,32,8,63,0.429,0,26,35,1,3,7,이형종,32,0.346590909,0.775590909,6.0,0.04082
2021,78168,76,333,278,0.259,72,4,98,0.353,3,45,44,2,6,9,서건창,31,0.370481928,0.723481928,4.0,0.01439
2021,78217,54,31,21,0.143,3,0,5,0.238,0,6,3,0,0,1,김용의,35,0.333333333,0.571333333,0.0,0.0
2021,78224,68,289,236,0.271,64,16,120,0.508,2,48,62,1,3,3,김재환,32,0.397923875,0.905923875,13.0,0.05508
2021,78288,63,243,195,0.226,44,4,63,0.323,0,39,37,1,5,8,최재훈,31,0.368200837,0.691200837,2.0,0.01026
2021,78361,25,32,28,0.25,7,0,7,0.25,0,4,7,0,0,0,전민수,32,0.34375,0.59375,0.0,0.0
2021,78513,77,346,293,0.328,96,4,131,0.447,5,42,32,0,5,7,전준우,35,0.414492754,0.861492754,9.0,0.03072
2021,78548,61,231,195,0.236,46,9,80,0.41,1,28,31,3,2,11,장성우,31,0.336283186,0.746283186,4.0,0.02051
2021,78603,69,307,271,0.295,80,2,103,0.38,2,33,22,1,0,7,김선빈,31,0.369281046,0.749281046,1.0,0.00369
2021,78629,20,76,61,0.164,10,0,11,0.18,1,9,22,0,5,2,나지완,36,0.315789474,0.495789474,0.0,0.0
2021,78643,8,26,21,0.095,2,1,5,0.238,0,4,4,0,1,1,백용환,32,0.269230769,0.507230769,1.0,0.04762
2021,79109,66,276,236,0.237,56,5,83,0.352,3,31,42,0,4,5,오지환,31,0.332116788,0.684116788,7.0,0.02966
2021,79150,70,207,177,0.232,41,3,58,0.328,0,23,32,0,0,4,정주현,30,0.32,0.648,2.0,0.0113
2021,79192,61,257,225,0.316,71,12,120,0.533,4,22,42,0,6,4,채은성,31,0.385214008,0.918214008,14.0,0.06222
2021,79215,59,246,216,0.338,73,2,94,0.435,3,24,32,0,3,11,박건우,30,0.406504065,0.841504065,5.0,0.02315
2021,79231,46,128,110,0.2,22,1,31,0.282,1,16,23,0,0,4,정수빈,30,0.299212598,0.581212598,1.0,0.00909
2021,79240,69,301,279,0.323,90,4,122,0.437,1,18,19,1,3,12,허경민,30,0.368770764,0.805770764,4.0,0.01434
2021,79365,73,261,219,0.265,58,16,117,0.534,1,32,69,0,6,5,박동원,31,0.372093023,0.906093023,10.0,0.04566
2021,79402,70,278,237,0.211,50,1,61,0.257,0,30,26,0,3,7,김상수,31,0.307407407,0.564407407,2.0,0.00844
2021,79456,62,135,124,0.274,34,0,38,0.306,2,7,11,1,1,5,이지영,35,0.313432836,0.619432836,0.0,0.0
2021,79608,55,246,212,0.325,69,5,102,0.481,5,26,32,1,0,5,안치홍,31,0.390946502,0.871946502,3.0,0.01415
